Name,No,BD,Clay,Silt,Sand,upper,lower,Carbonate,Texture,Field_Texture,Field_CO3,KPa8,KPa40,KPa60,KPa1500,State,Location,Region,raw2
SLT1,15,1.67,11,3.5,85,0,20,0.01,SL,SL,N,0.228,0.164,0.137,0.082,SOUTH AUST,BERRI IA,Riverland,91
LSCLT1,16,1.64,16.5,6,77,30,40,0.01,SL,LSCL,N,0.225,0.185,0.172,0.116,SOUTH AUST,BERRI IA,Riverland,53
SCLT1,17,1.52,18,12,70,45,60,0.135,LOAM,LSCL,H,0.28,0.218,0.194,0.127,SOUTH AUST,BERRI IA,Riverland,86
LSCL2T1,18,1.6,15,10,75,70,90,0.125,SL,LSCL,H,0.253,0.185,0.156,0.105,SOUTH AUST,BERRI IA,Riverland,97
SLT2,19,1.68,11,4,85,0,20,0.015,SL,SL,S,0.231,0.157,0.142,0.081,SOUTH AUST,BERRI IA,Riverland,89
LSCLT2,20,1.58,14,8,78,30,50,0.085,SL,SL,V,0.25,0.195,0.182,0.097,SOUTH AUST,BERRI IA,Riverland,68
LSCL2T2,21,1.57,13.5,12,74,60,80,0.21,LOAM,LSCL,V,0.272,0.186,0.17,0.106,SOUTH AUST,BERRI IA,Riverland,102
LSRD1,22,1.59,7.5,3,89,0,20,0.02,SAND,SL,N,0.191,0.115,0.101,0.055,SOUTH AUST,LOVEDAY IA,Riverland,90
LS2RD1,23,1.6,11,2.5,86,30,40,0.0075,SL,LSCL,N,0.154,0.121,0.118,0.073,SOUTH AUST,LOVEDAY IA,Riverland,36
SCLRD1,24,1.51,22,11.5,66,60,80,0.155,CL,SCL,V,0.303,0.227,0.215,0.135,SOUTH AUST,LOVEDAY IA,Riverland,88
LSRD2,25,1.58,8,4.5,88,0,20,0.0025,LS,SL,N,0.187,0.099,0.085,0.053,SOUTH AUST,LOVEDAY IA,Riverland,102
SLRD2,26,1.61,14.5,3.5,82,20,40,0.02,SL,LSCL,N,0.19,0.148,0.144,0.095,SOUTH AUST,LOVEDAY IA,Riverland,46
LSCLRD2,27,1.54,17.5,9.5,73,60,80,0.105,SL,LSCL,V,0.265,0.195,0.186,0.119,SOUTH AUST,LOVEDAY IA,Riverland,79
SLP1,28,1.53,18,14.5,67,0,20,0.02,LOAM,SCL,S,0.227,0.173,0.168,0.112,SOUTH AUST,BERRI IA,Riverland,59
LSCLP1,29,1.44,19.5,13.5,67,20,40,0.0275,LOAM,SCL,M,0.272,0.206,0.201,0.127,SOUTH AUST,BERRI IA,Riverland,71
SCLP1,30,1.44,25.5,18,56,50,70,0.215,CL,LSCL,H,0.333,0.246,0.228,0.15,SOUTH AUST,BERRI IA,Riverland,105
LLSCLP2,31,1.64,13,9,78,0,20,0.025,SL,SL,M,0.212,0.162,0.159,0.094,SOUTH AUST,BERRI IA,Riverland,53
LSCLP2,32,1.45,25.5,15.5,59,30,70,0.23,CL,SCL,V,0.329,0.255,0.233,0.149,SOUTH AUST,BERRI IA,Riverland,96
SCLP2,33,1.68,29,14,57,70,90,0.2175,CL,CL,V,0.279,0.232,0.217,0.153,SOUTH AUST,BERRI IA,Riverland,62
LLSGA1,34,1.54,5.5,1.5,93,10,20,0.01,SAND,SL,N,0.15,0.102,0.096,0.047,SOUTH AUST,LOVEDAY IA,Riverland,54
LSGA1,35,1.75,9,1.5,89,50,60,0.0075,SL,SL,N,0.195,0.139,0.136,0.068,SOUTH AUST,LOVEDAY IA,Riverland,59
SLGA1,36,1.53,16.5,7.5,76,80,100,0.135,SL,LSCL,V,0.274,0.201,0.188,0.111,SOUTH AUST,LOVEDAY IA,Riverland,86
SGA2,37,1.34,3,1.5,95,0,10,0.01,SAND,LS,N,0.133,0.091,0.086,0.05,SOUTH AUST,LOVEDAY IA,Riverland,47
LLSGA2,38,1.67,9.5,2.5,88,30,40,0.0025,SL,SL,N,0.186,0.142,0.137,0.068,SOUTH AUST,LOVEDAY IA,Riverland,49
LSGA2,39,1.65,8.5,3,88,70,80,0.03,SAND,LS,H,0.163,0.097,0.09,0.06,SOUTH AUST,LOVEDAY IA,Riverland,73
LSLGA2,40,1.65,13.5,5,81,80,100,0.06,SL,LSCL,V,0.227,0.155,0.15,0.089,SOUTH AUST,LOVEDAY IA,Riverland,77
LSI1,41,1.39,11.5,4.5,84,10,30,0.005,SL,SL,N,0.212,0.151,0.141,0.079,SOUTH AUST,LOVEDAY IA,Riverland,71
LSCLI1,42,1.61,21,5,74,40,60,0.0475,SCL,LSCL,H,0.234,0.18,0.162,0.109,SOUTH AUST,LOVEDAY IA,Riverland,72
LSLI1,43,1.65,17,2,81,70,90,0.025,SL,LSCL,H,0.225,0.155,0.149,0.095,SOUTH AUST,LOVEDAY IA,Riverland,76
LLSI2,44,1.55,4,3,93,0,10,0.005,SAND,LS,N,0.166,0.072,0.068,0.038,SOUTH AUST,LOVEDAY IA,Riverland,98
LSI2,45,1.66,10,2.5,88,10,30,0.0175,SL,SL,S,0.207,0.142,0.14,0.067,SOUTH AUST,LOVEDAY IA,Riverland,67
SLI2,46,1.65,22,6,72,40,60,0.075,SCL,LSCL,H,0.276,0.216,0.203,0.134,SOUTH AUST,LOVEDAY IA,Riverland,73
LSLI2,47,1.68,18,3,79,80,90,0.025,SL,LSCL,M,0.234,0.169,0.16,0.105,SOUTH AUST,LOVEDAY IA,Riverland,74
LSCLG1,48,1.51,15.5,7.5,77,0,10,0.075,SL,LSCL,V,0.184,0.129,0.128,0.087,SOUTH AUST,BERRI IA,Riverland,56
LSCL2G1,49,1.45,24.5,9.5,66,10,30,0.145,CL,CL,V,0.247,0.197,0.182,0.124,SOUTH AUST,BERRI IA,Riverland,65
SCLG1,50,1.69,29,12,59,40,70,0.23,CL,CL,V,0.309,0.265,0.248,0.157,SOUTH AUST,BERRI IA,Riverland,61
SCL2G1,51,1.73,28,8.5,63,80,90,0.13,CL,CL,V,0.315,0.285,0.274,0.164,SOUTH AUST,BERRI IA,Riverland,41
SLG2,52,1.25,17,6.5,76,0,10,0.0475,SL,LSCL,H,0.201,0.15,0.147,0.093,SOUTH AUST,BERRI IA,Riverland,54
LSCLG2,53,1.53,31,11,58,20,40,0.155,CL,SCL,V,0.318,0.27,0.247,0.164,SOUTH AUST,BERRI IA,Riverland,71
SCLG2,54,1.58,29,14.5,56,40,60,0.2,CL,CL,V,0.304,0.25,0.229,0.16,SOUTH AUST,BERRI IA,Riverland,75
SCL2G2,55,1.74,26.5,9.5,64,70,90,0.1725,CL,CL,V,0.3,0.266,0.252,0.157,SOUTH AUST,BERRI IA,Riverland,48
SLR1,56,1.68,8,4,88,0,20,0.017,LS,SL,S,0.188,0.123,0.122,0.065,SOUTH AUST,BERRI IA,Riverland,66
LSCLR1,57,1.51,13.5,12.5,74,55,65,0.1275,LOAM,LSCL,V,0.269,0.185,0.176,0.115,SOUTH AUST,BERRI IA,Riverland,93
LSCL2R1,58,1.63,14,7,79,80,90,0.085,SL,SL,V,0.23,0.156,0.15,0.099,SOUTH AUST,BERRI IA,Riverland,80
SLR2,59,1.58,13,7,80,10,20,0.0125,SL,SL,N,0.209,0.16,0.158,0.1,SOUTH AUST,BERRI IA,Riverland,51
LSCLR2,60,1.46,16.5,15.5,68,50,65,0.175,LOAM,LSCL,H,0.304,0.223,0.219,0.139,SOUTH AUST,BERRI IA,Riverland,85
LSCL2R2,61,1.65,18,9,73,80,90,0.145,SL,LSCL,V,0.259,0.185,0.178,0.115,SOUTH AUST,BERRI IA,Riverland,81
SLS1,62,1.56,15,2.5,82,0,15,0.02,SL,LSCL,S,0.188,0.133,0.132,0.091,SOUTH AUST,LOVEDAY IA,Riverland,56
SL2S1,63,1.65,15.5,3.5,81,25,35,0.005,SL,LSCL,S,0.208,0.14,0.139,0.097,SOUTH AUST,LOVEDAY IA,Riverland,69
LSCLS1,64,1.5,26,9,65,50,60,0.175,CL,SCL,H,0.303,0.225,0.217,0.143,SOUTH AUST,LOVEDAY IA,Riverland,86
LSCL2S1,65,1.7,16,7.5,76,80,90,0.18,SL,CL,V,0.288,0.228,0.219,0.141,SOUTH AUST,LOVEDAY IA,Riverland,69
SLS2,66,1.39,13.5,6,80,10,20,0.015,SL,SL,S,0.208,0.16,0.154,0.098,SOUTH AUST,LOVEDAY IA,Riverland,54
LSCLS2,67,1.63,29.5,8.5,62,45,60,0.165,CL,CL,V,0.29,0.24,0.228,0.164,SOUTH AUST,LOVEDAY IA,Riverland,62
LSCL2S2,68,1.72,25.5,9.5,65,75,90,0.135,CL,CL,V,0.288,0.238,0.222,0.156,SOUTH AUST,LOVEDAY IA,Riverland,66
LSB1,69,1.37,6,2,92,0,30,0.0025,SAND,LS,N,0.119,0.082,0.082,0.055,SOUTH AUST,NOOKAMKA I,Riverland,37
SLB1,70,1.64,10,1.5,88,30,40,0.0075,SL,LS,N,0.17,0.106,0.105,0.064,SOUTH AUST,NOOKAMKA I,Riverland,65
SCLB1,71,1.63,20,9,71,40,70,0.115,SL,SCL,V,0.277,0.215,0.208,0.147,SOUTH AUST,NOOKAMKA I,Riverland,69
SCL2B1,72,1.74,28,5,67,70,90,0.095,SCL,CL,V,0.275,0.225,0.215,0.151,SOUTH AUST,NOOKAMKA I,Riverland,60
LSB2,73,1.36,9,4.5,86,0,20,0.0075,SL,LS,N,0.156,0.113,0.112,0.076,SOUTH AUST,NOOKAMKA,Riverland,44
SLB2,74,1.65,9,4.5,86,20,40,0.01,SL,SL,S,0.178,0.125,0.119,0.079,SOUTH AUST,NOOKAMKA,Riverland,59
SCLB2,75,1.62,23,13.5,63,40,70,0.1825,CL,C,V,0.3,0.24,0.228,0.16,SOUTH AUST,NOOKAMKA,Riverland,72
SCL2B2,76,1.69,20,7.5,72,70,90,0.1275,SL,CL,V,0.278,0.222,0.215,0.144,SOUTH AUST,NOOKAMKA,Riverland,63
LLSA1,77,1.54,8.5,2.5,89,0,10,0.015,SL,SL,S,0.178,0.109,0.103,0.067,SOUTH AUST,LOVEDAY I,Riverland,75
LSA1,78,1.68,9.5,2,88,10,20,0.0125,SL,SL,S,0.185,0.128,0.12,0.075,SOUTH AUST,LOVEDAY I,Riverland,65
SLA1,79,1.65,15,5,80,20,30,0.0025,SL,LSCL,N,0.239,0.188,0.175,0.115,SOUTH AUST,LOVEDAY I,Riverland,64
LSCLA1,80,1.46,23,10,67,30,50,0.1,CL,SCL,V,0.313,0.24,0.23,0.175,SOUTH AUST,LOVEDAY I,Riverland,83
SCLA1,81,1.67,21.5,7.5,71,50,90,0.135,SCL,SCL,V,0.3,0.235,0.22,0.144,SOUTH AUST,LOVEDAY I,Riverland,80
LLSCLA2,82,1.31,19,8.5,72,0,10,0.0375,SCL,SCL,M,0.259,0.202,0.198,0.126,SOUTH AUST,LOVEDAY I,Riverland,61
LSCLA2,83,1.43,27.5,11.5,61,10,55,0.1975,CL,CL,V,0.358,0.288,0.28,0.171,SOUTH AUST,LOVEDAY I,Riverland,78
SCL2A2,84,1.6,26,12,62,55,70,0.21,CL,CL,V,0.301,0.242,0.23,0.138,SOUTH AUST,LOVEDAY I,Riverland,71
LSC2A2,85,1.69,24,10,66,70,80,0.19,CL,CL,V,0.283,0.223,0.208,0.126,SOUTH AUST,LOVEDAY I,Riverland,75
SCL22A2,86,1.68,24,10,66,80,90,0.2175,CL,CL,V,0.306,0.235,0.217,0.132,SOUTH AUST,LOVEDAY I,Riverland,89
LSD1,87,1.59,6.5,1.5,92,0,30,0.0075,SAND,LS,N,0.17,0.113,0.112,0.061,SOUTH AUST,NOOKAMKA,Riverland,58
LS2D1,88,1.7,7,2.5,90,30,60,0.0125,SAND,SL,S,0.166,0.112,0.111,0.063,SOUTH AUST,NOOKAMKA,Riverland,55
LSCLD1,89,1.71,17.5,6,76,60,80,0.135,SL,SCL,V,0.258,0.195,0.19,0.128,SOUTH AUST,NOOKAMKA,Riverland,68
SLD1,90,1.68,11,5,84,80,90,0.035,SL,SL,H,0.214,0.152,0.146,0.101,SOUTH AUST,NOOKAMKA,Riverland,68
LSD2,91,1.6,5,1,94,0,30,0.0075,SAND,SL,N,0.168,0.11,0.109,0.054,SOUTH AUST,NOOKAMKA,Riverland,59
SLD2,92,1.72,12,2,86,30,40,0.0325,SL,SCL,H,0.228,0.18,0.178,0.107,SOUTH AUST,NOOKAMKA,Riverland,50
LSCLD2,93,1.61,13,5,82,40,70,0.04,SL,LSCL,H,0.214,0.152,0.146,0.105,SOUTH AUST,NOOKAMKA,Riverland,68
SL2D2,94,1.65,11.5,1.5,87,70,80,0.035,SL,SL,H,0.213,0.145,0.138,0.095,SOUTH AUST,NOOKAMKA,Riverland,75
LS2D2,95,1.68,10,4,86,80,90,0.0725,SL,LSCL,H,0.214,0.147,0.142,0.087,SOUTH AUST,NOOKAMKA,Riverland,72
LSN1,96,1.34,6,3.5,90,0,10,0.0475,SAND,SL,S,0.164,0.101,0.099,0.061,SOUTH AUST,BERRI I A,Riverland,65
SLN1,97,1.58,7.5,6.5,86,10,20,0.0675,LS,LSCL,M,0.207,0.147,0.145,0.089,SOUTH AUST,BERRI I A,Riverland,62
LSCLN1,98,1.56,10,9.5,80,20,40,0.135,SL,LSCL,V,0.255,0.175,0.169,0.101,SOUTH AUST,BERRI I A,Riverland,86
SCLN1,99,1.49,13.5,9,77,40,70,0.1725,SL,LSCL,V,0.232,0.163,0.159,0.111,SOUTH AUST,BERRI I A,Riverland,73
SCL2N1,100,1.61,18.5,10,71,70,90,0.2575,SL,LSCL,V,0.256,0.185,0.179,0.122,SOUTH AUST,BERRI I A,Riverland,77
SLN2,101,1.52,8.5,5,86,10,30,0.015,LS,SL,S,0.163,0.111,0.108,0.081,SOUTH AUST,BERRI I A,Riverland,55
LSCLN2,102,1.47,11,13,76,30,70,0.305,LOAM,LSCL,H,0.291,0.216,0.206,0.124,SOUTH AUST,BERRI I A,Riverland,85
SCLN2,103,1.57,17.5,10.5,72,70,90,0.245,SL,SCL,V,0.302,0.217,0.205,0.13,SOUTH AUST,BERRI IA,Riverland,97
SLO1,104,1.56,17,8,75,0,20,0.0325,SL,SCL,M,0.253,0.208,0.207,0.138,SOUTH AUST,BERRI IA,Riverland,46
SCLO1,105,1.55,23,15.5,61,20,50,0.17,CL,CL,H,0.319,0.25,0.24,0.161,SOUTH AUST,BERRI IA,Riverland,79
SCL2O1,106,1.77,23,9,68,50,90,0.13,CL,CL,V,0.283,0.234,0.227,0.153,SOUTH AUST,BERRI IA,Riverland,56
SLO2,107,1.68,14,6,80,0,30,0.0075,SL,SL,N,0.206,0.155,0.15,0.101,SOUTH AUST,BERRI I A,Riverland,56
SCL2O2,108,1.57,23,6.5,70,30,50,0.0475,SCL,SCL,H,0.285,0.222,0.216,0.135,SOUTH AUST,BERRI IA,Riverland,69
LSCLO2,109,1.6,25,6.5,68,50,90,0.135,SCL,CL,V,0.298,0.238,0.227,0.155,SOUTH AUST,BERRI IA,Riverland,71
SLEG1,110,1.55,15,6.5,78,0,20,0.04,SL,SCL,M,0.226,0.173,0.171,0.11,SOUTH AUST,BERRI IA,Riverland,55
LLSCEG1,111,1.6,14.5,10.5,75,20,30,0.0475,LOAM,SCL,H,0.245,0.198,0.195,0.124,SOUTH AUST,BERRI IA,Riverland,50
LSCLEG1,112,1.5,24.5,7,68,30,50,0.1225,SCL,CL,V,0.288,0.236,0.231,0.135,SOUTH AUST,BERRI IA,Riverland,57
SCLEG1,113,1.65,26,16,58,50,90,0.225,CL,CL,V,0.296,0.241,0.223,0.147,SOUTH AUST,BERRI IA,Riverland,73
SLEG2,114,1.65,15.5,7.5,77,0,20,0.0225,SL,SCL,S,0.227,0.18,0.177,0.119,SOUTH AUST,BERRI IA,Riverland,50
LLSCEG2,115,1.63,17.5,5,77,20,30,0.0275,SL,SCL,M,0.271,0.213,0.21,0.137,SOUTH AUST,BERRI IA,Riverland,61
LSCLEG2,116,1.45,22.5,12.5,65,30,60,0.175,CL,SCL,V,0.319,0.246,0.237,0.15,SOUTH AUST,BERRI IA,Riverland,82
SCLEG2,117,1.65,26.5,9,64,60,90,0.1775,CL,CL,V,0.301,0.251,0.242,0.151,SOUTH AUST,BERRI IA,Riverland,59
SLNO1,118,1.36,10.5,4,85,0,10,0.0275,SL,LSCL,S,0.223,0.175,0.167,0.091,SOUTH AUST,BERRI I A,Riverland,56
SCLNO1,119,1.59,13,3,84,10,30,0.055,SL,LSCL,M,0.229,0.186,0.176,0.105,SOUTH AUST,BERRI I A,Riverland,53
SL2NO1,120,1.43,11,5.5,83,30,50,0.2325,SL,SL,V,0.264,0.213,0.207,0.132,SOUTH AUST,BERRI I A,Riverland,57
SCL2NO1,121,1.57,20,6,74,50,90,0.175,SCL,CL,V,0.28,0.204,0.188,0.129,SOUTH AUST,BERRI IA,Riverland,92
LSNO2,122,1.49,2,2.5,95,0,20,0.005,SAND,LS,N,0.109,0.078,0.074,0.04,SOUTH AUST,BERRI IA,Riverland,35
LS2NO2,123,1.44,5,4.5,90,20,60,0.0375,SAND,LS,S,0.131,0.1,0.099,0.063,SOUTH AUST,BERRI IA,Riverland,32
LSCLNO2,124,1.53,9,13,78,60,90,0.2375,LS,LSCL,V,0.296,0.214,0.207,0.122,SOUTH AUST,BERRI IA,Riverland,89
SLMC1,125,1.5,9,13,78,0,10,0.055,LS,SCL,S,0.256,0.199,0.191,0.111,SOUTH AUST,BERRI IA,Riverland,65
LLSCMC1,126,1.52,17,6,77,10,30,0.0575,SL,CL,H,0.231,0.188,0.183,0.116,SOUTH AUST,BERRI IA,Riverland,48
LSCLMC1,127,1.6,17,12,71,30,60,0.3325,LOAM,SCL,V,0.293,0.228,0.218,0.14,SOUTH AUST,BERRI IA,Riverland,75
LSCL2MC1,128,1.66,15,13,72,60,90,0.3325,LOAM,SCL,H,0.28,0.216,0.207,0.135,SOUTH AUST,BERRI IA,Riverland,73
SLMC2,129,1.61,6,6.5,88,0,30,0.0125,LS,LSCL,S,0.187,0.134,0.132,0.071,SOUTH AUST,BERRI IA,Riverland,55
LSCLMC2,130,1.56,15,12,73,30,70,0.245,LOAM,CL,H,0.281,0.214,0.209,0.138,SOUTH AUST,BERRI IA,Riverland,72
SCLMC2,131,1.62,21.5,13.5,65,70,80,0.3075,LOAM,CL,V,0.284,0.218,0.213,0.129,SOUTH AUST,BERRI IA,Riverland,71
LSLMC2,132,1.63,18,15,67,80,90,0.3775,LOAM,CL,V,0.284,0.217,0.195,0.115,SOUTH AUST,BERRI IA,Riverland,89
SCLLRC,135,1.33,33.5,15,51,45,55,0.175,CL,CL,V,0.358,0.29,0.279,0.194,SOUTH AUST,LOXTON IA,Riverland,79
LRCF4,144,1.57,24.5,8.5,67,90,100,0.1075,CL,C,V,0.281,0.228,0.219,0.145,SOUTH AUST,LOXTON IA,Riverland,62
LRCF5,145,1.6,5,3,92,15,25,0.015,SAND,LS,S,0.141,0.086,0.083,0.061,SOUTH AUST,LOXTON IA,Riverland,58
LRCF6,146,1.59,16,5.5,78,40,50,0.01,SL,LSCL,N,0.236,0.185,0.179,0.122,SOUTH AUST,LOXTON IA,Riverland,57
LRCF7,147,1.45,28,9,63,55,65,0.0725,CL,C,H,0.325,0.271,0.261,0.181,SOUTH AUST,LOXTON IA,Riverland,64
LRCF8,148,1.64,23.5,8.5,68,90,95,0.1325,SCL,C,H,0.301,0.252,0.234,0.168,SOUTH AUST,LOXTON IA,Riverland,67
LRCF9,149,1.68,22,11,67,110,120,0.1925,CL,CL,V,0.296,0.248,0.23,0.161,SOUTH AUST,LOXTON IA,Riverland,66
LRCF10,150,1.47,33,11.5,55,70,80,0.1575,CL,CL,V,0.361,0.308,0.288,0.194,SOUTH AUST,LOXTON IA,Riverland,73
LRCF11,151,1.6,4.5,3.5,92,15,25,0.01,SAND,SL,N,0.151,0.094,0.088,0.047,SOUTH AUST,LOXTON IA,Riverland,63
LRCF12,152,1.58,16,5,79,30,40,0.02,SL,LSCL,S,0.249,0.194,0.186,0.116,SOUTH AUST,LOXTON IA,Riverland,63
LRCF13,153,1.53,21.5,7.5,71,40,50,0.0275,SCL,CL,N,0.285,0.234,0.231,0.156,SOUTH AUST,LOXTON IA,Riverland,54
LRCF14,154,1.53,33.5,12.5,54,60,70,0.205,CL,CL,V,0.352,0.307,0.296,0.193,SOUTH AUST,LOXTON IA,Riverland,56
LRCF15,155,1.58,32,13,55,70,80,0.2,CL,CL,V,0.34,0.302,0.282,0.19,SOUTH AUST,LOXTON IA,Riverland,58
LRCF16,156,1.64,30.5,11.5,58,90,100,0.1825,CL,CL,V,0.304,0.265,0.248,0.18,SOUTH AUST,LOXTON IA,Riverland,56
LRCF17,157,1.61,15,6,79,0,20,0.015,SL,LSCL,N,0.251,0.198,0.189,0.105,SOUTH AUST,LOXTON IA,Riverland,62
LRCF18,158,1.58,23,8,69,20,30,0.065,SCL,CL,N,0.296,0.251,0.236,0.161,SOUTH AUST,LOXTON IA,Riverland,60
LRCF19,159,1.46,31.5,13.5,55,30,50,0.1025,CL,C,V,0.363,0.313,0.296,0.216,SOUTH AUST,LOXTON IA,Riverland,67
LRCF20,160,1.51,33,13,54,50,60,0.225,CL,CL,V,0.368,0.314,0.295,0.187,SOUTH AUST,LOXTON IA,Riverland,73
LRCF21,161,1.64,32,12,56,60,90,0.1875,CL,C,H,0.329,0.284,0.268,0.193,SOUTH AUST,LOXTON IA,Riverland,61
LRCF22,162,1.71,31.5,10.5,58,90,150,0.1675,CL,C,V,0.316,0.286,0.272,0.188,SOUTH AUST,LOXTON IA,Riverland,44
LRCF23,163,1.64,22,4,74,0,25,0.0225,SCL,SCL,N,0.269,0.218,0.204,0.136,SOUTH AUST,LOXTON IA,Riverland,65
LRCF24,164,1.61,32,13,55,40,70,0.2275,CL,CL,V,0.332,0.286,0.265,0.184,SOUTH AUST,LOXTON IA,Riverland,67
LRCF25,165,1.67,29,12.5,58,70,90,0.195,CL,C,H,0.31,0.278,0.272,0.181,SOUTH AUST,LOXTON IA,Riverland,38
LRCF26,166,1.7,22.5,12,65,90,150,0.2,CL,CL,V,0.292,0.255,0.238,0.147,SOUTH AUST,LOXTON IA,Riverland,54
LRCF27,167,1.55,22.5,6.5,71,20,30,0.085,SCL,SCL,H,0.284,0.235,0.225,0.146,SOUTH AUST,LOXTON IA,Riverland,59
LRCF28,168,1.41,28,14,58,35,45,0.255,CL,CL,V,0.346,0.279,0.264,0.165,SOUTH AUST,LOXTON IA,Riverland,82
LRCF29,169,1.53,32.5,10.5,57,55,65,0.185,CL,C,V,0.349,0.289,0.269,0.175,SOUTH AUST,LOXTON IA,Riverland,80
LRCF30,170,1.69,29.5,8,63,95,105,0.1675,CL,C,H,0.311,0.263,0.251,0.167,SOUTH AUST,LOXTON IA,Riverland,60
LRCF31,171,1.8,25,8.5,66,125,135,0.1825,CL,SCL,V,0.283,0.23,0.213,0.137,SOUTH AUST,LOXTON IA,Riverland,70
LRCF32,172,1.57,19.5,5,75,20,30,0.01,SCL,SCL,N,0.243,0.187,0.184,0.118,SOUTH AUST,LOXTON IA,Riverland,59
LRCF33,173,1.44,32.5,13,54,35,45,0.0425,CL,C,S,0.36,0.312,0.3,0.211,SOUTH AUST,LOXTON IA,Riverland,60
LRCF34,174,1.58,33.5,10.5,56,60,70,0.1575,CL,C,H,0.354,0.309,0.295,0.182,SOUTH AUST,LOXTON IA,Riverland,59
LRCF35,175,1.68,26.5,10.5,63,80,90,0.1175,CL,CL,V,0.326,0.285,0.273,0.18,SOUTH AUST,LOXTON IA,Riverland,53
LRCF36,176,1.68,30.5,7.5,62,90,100,0.1325,CL,CL,V,0.32,0.289,0.281,0.183,SOUTH AUST,LOXTON IA,Riverland,39
LRCF37,177,1.66,24.5,7,68,110,120,0.2825,SCL,C,V,0.313,0.279,0.266,0.175,SOUTH AUST,LOXTON IA,Riverland,47
LRCF38,178,1.78,26.5,5,68,125,135,0.115,SCL,CL,V,0.29,0.259,0.244,0.154,SOUTH AUST,LOXTON IA,Riverland,46
LRCR91,179,1.43,14.5,5,80,20,30,0.05,SL,LSCL,H,0.25,0.182,0.169,0.102,SOUTH AUST,LOXTON IA,Riverland,81
LRCR92,180,1.42,22,14,64,50,60,0.265,LOAM,SCL,H,0.344,0.239,0.224,0.135,SOUTH AUST,LOXTON IA,Riverland,120
LRCR93,181,1.67,21,12,67,80,90,0.1875,LOAM,SCL,V,0.304,0.233,0.219,0.139,SOUTH AUST,LOXTON IA,Riverland,85
LRCR94,182,1.75,19.5,11.5,69,100,110,0.1625,LOAM,SCL,V,0.281,0.216,0.203,0.122,SOUTH AUST,LOXTON IA,Riverland,78
LRCR95,183,1.49,14.5,9.5,76,20,30,0.05,SL,LSCL,H,0.248,0.171,0.159,0.099,SOUTH AUST,LOXTON IA,Riverland,89
LRCR96,184,1.54,23,11.5,65,50,60,0.1775,CL,LSCL,V,0.306,0.223,0.207,0.127,SOUTH AUST,LOXTON IA,Riverland,99
LRCR97,185,1.67,22.5,11,66,80,90,0.3175,CL,SCL,V,0.289,0.224,0.214,0.129,SOUTH AUST,LOXTON IA,Riverland,75
LRCR98,186,1.75,22.5,10,67,100,110,0.1625,CL,SCL,V,0.296,0.237,0.224,0.124,SOUTH AUST,LOXTON IA,Riverland,72
LRCR99,187,1.55,15.5,9.5,75,20,30,0.0775,SL,SL,H,0.303,0.197,0.188,0.107,SOUTH AUST,LOXTON IA,Riverland,115
LRCR910,188,1.5,18,9.5,72,50,60,0.27,SL,LSCL,V,0.311,0.218,0.207,0.119,SOUTH AUST,LOXTON IA,Riverland,104
LRCR911,189,1.65,22.5,8.5,69,80,90,0.1675,CL,SCL,V,0.295,0.222,0.211,0.131,SOUTH AUST,LOXTON IA,Riverland,84
LRCR912,190,1.72,24,11.5,64,100,110,0.1825,CL,CL,V,0.295,0.226,0.212,0.12,SOUTH AUST,LOXTON IA,Riverland,83
LRCR913,191,1.5,18.5,8.5,73,20,30,0.0425,SL,LSCL,M,0.271,0.179,0.168,0.104,SOUTH AUST,LOXTON IA,Riverland,103
LRCR914,192,1.5,25.5,10,64,50,60,0.195,CL,SCL,V,0.311,0.212,0.199,0.13,SOUTH AUST,LOXTON IA,Riverland,112
LRCR915,193,1.65,25.5,9,65,80,90,0.1775,CL,CL,V,0.292,0.217,0.205,0.135,SOUTH AUST,LOXTON IA,Riverland,87
LRCR916,194,1.78,24,8,68,100,110,0.1675,SCL,SCL,V,0.271,0.208,0.194,0.127,SOUTH AUST,LOXTON IA,Riverland,77
ILSC28,195,1.44,8.5,5,86,20,30,0.035,LS,SL,H,0.164,0.131,0.128,0.065,VICTORIA,REDCLIFFS,Sunraysia,36
ISLC50,196,1.58,12,5,83,20,30,0.0575,SL,SCL,H,0.204,0.158,0.153,0.088,VICTORIA,REDCLIFFS,Sunraysia,51
ISLC55,197,1.44,14,7,79,40,50,0.1825,SL,LSCL,V,0.239,0.173,0.162,0.094,VICTORIA,REDCLIFFS,Sunraysia,77
ISLC69,198,1.57,16,6.5,77,40,50,0.1075,SL,LSCL,V,0.257,0.211,0.199,0.102,VICTORIA,REDCLIFFS,Sunraysia,58
ISL64/23,199,1.53,15.5,7,77,60,70,0.1725,SL,SCL,V,0.245,0.175,0.163,0.096,VICTORIA,REDCLIFFS,Sunraysia,82
ISL79/34,200,1.64,16,5.5,78,80,90,0.23,SL,SCL,V,0.221,0.158,0.148,0.088,VICTORIA,REDCLIFFS,Sunraysia,73
ISL65/1,201,1.63,13,4,83,100,110,0.0525,SL,LSCL,V,0.199,0.138,0.134,0.086,VICTORIA,REDCLIFFS,Sunraysia,65
ISL16639,202,1.72,13.5,4,82,120,130,0.0825,SL,LSCL,V,0.231,0.169,0.16,0.102,VICTORIA,REDCLIFFS,Sunraysia,71
ISL45/19,203,1.65,17,9,74,140,150,0.1775,SL,CL,V,0.258,0.195,0.178,0.101,VICTORIA,REDCLIFFS,Sunraysia,80
ISL26114,204,1.68,10,5,85,10,20,0.035,SL,LSCL,M,0.194,0.15,0.146,0.086,VICTORIA,REDCLIFFS,Sunraysia,48
ISL18/38,205,1.65,11,4,85,10,20,0.02,SL,SL,S,0.193,0.131,0.124,0.073,VICTORIA,REDCLIFFS,Sunraysia,69
ISL19/20,206,1.59,12,5,83,20,30,0.0275,SL,SL,H,0.201,0.13,0.128,0.08,VICTORIA,REDCLIFFS,Sunraysia,73
ISL35/46,207,1.47,16.5,5.5,78,40,50,0.03,SL,SL,H,0.229,0.162,0.159,0.097,VICTORIA,REDCLIFFS,Sunraysia,70
ISL77/66,208,1.51,17,5,78,60,70,0.0925,SL,SL,V,0.24,0.167,0.164,0.098,VICTORIA,REDCLIFFS,Sunraysia,76
ISL62/16,209,1.55,15.5,5,79,80,90,0.1625,SL,LSCL,V,0.256,0.182,0.174,0.108,VICTORIA,REDCLIFFS,Sunraysia,82
ISL60/47,210,1.56,17,4.5,78,100,110,0.1075,SL,LSCL,H,0.242,0.158,0.154,0.102,VICTORIA,REDCLIFFS,Sunraysia,88
ISL25/33,211,1.65,14,5,81,120,130,0.065,SL,SL,V,0.216,0.142,0.139,0.088,VICTORIA,REDCLIFFS,Sunraysia,77
ISLC12,212,1.67,11.5,6.5,82,140,150,0.0875,SL,LSCL,V,0.198,0.118,0.116,0.074,VICTORIA,REDCLIFFS,Sunraysia,82
ISLR52,213,1.68,10,3.5,86,10,20,0.015,SL,SL,S,0.182,0.139,0.137,0.084,VICTORIA,REDCLIFFS,Sunraysia,45
ISLR43,214,1.66,12,4.5,83,10,20,0.0125,SL,SL,N,0.199,0.144,0.142,0.087,VICTORIA,REDCLIFFS,Sunraysia,57
ISLR74,215,1.6,12.5,6.5,81,20,30,0.0475,SL,LSCL,M,0.232,0.184,0.18,0.101,VICTORIA,REDCLIFFS,Sunraysia,52
ISLR14,216,1.69,12.5,4.5,83,20,30,0.005,SL,LSCL,N,0.21,0.155,0.151,0.094,VICTORIA,REDCLIFFS,Sunraysia,59
ISLR44,217,1.59,15.5,9.5,75,40,50,0.11,SL,SCL,V,0.292,0.224,0.206,0.117,VICTORIA,REDCLIFFS,Sunraysia,86
ISLR59,218,1.52,16,5.5,78,40,50,0.035,SL,SL,M,0.239,0.176,0.173,0.105,VICTORIA,REDCLIFFS,Sunraysia,66
ISCLR80,219,1.58,22,9,69,60,70,0.1825,SCL,SCL,V,0.313,0.241,0.234,0.136,VICTORIA,REDCLIFFS,Sunraysia,79
ISLR30,220,1.51,19,8.5,72,60,70,0.105,SL,LSCL,V,0.303,0.215,0.203,0.125,VICTORIA,REDCLIFFS,Sunraysia,100
ICLR73,221,1.63,24.5,10.5,65,80,90,0.2425,CL,CL,V,0.335,0.275,0.265,0.133,VICTORIA,REDCLIFFS,Sunraysia,70
ICLR3,222,1.52,22,9.5,68,80,90,0.1325,CL,CL,V,0.29,0.237,0.23,0.125,VICTORIA,REDCLIFFS,Sunraysia,60
ICLR10,223,1.72,22.5,12,65,100,110,0.2175,CL,C,V,0.332,0.283,0.274,0.139,VICTORIA,REDCLIFFS,Sunraysia,58
ICLR8,224,1.64,24,9.5,66,100,110,0.1925,CL,CL,V,0.303,0.248,0.24,0.127,VICTORIA,REDCLIFFS,Sunraysia,63
ICLCH48,225,1.47,34.5,16.5,49,20,30,0.0625,CL,CL,M,0.373,0.345,0.339,0.219,VICTORIA,REDCLIFFS,Sunraysia,34
ICCH4,226,1.36,42.5,16.5,41,20,30,0.1725,CLAY,C,V,0.363,0.335,0.328,0.208,VICTORIA,REDCLIFFS,Sunraysia,35
ICCH2,227,1.54,44.5,16.5,39,40,50,0.2075,CLAY,C,V,0.388,0.35,0.342,0.227,VICTORIA,REDCLIFFS,Sunraysia,46
ICCH13,228,1.48,43,16,41,40,50,0.1825,CLAY,C,V,0.387,0.35,0.338,0.206,VICTORIA,REDCLIFFS,Sunraysia,49
ICCH9,229,1.5,46.5,15.5,38,60,70,0.2225,CLAY,C,V,0.384,0.358,0.351,0.229,VICTORIA,REDCLIFFS,Sunraysia,33
ICCH61,230,1.56,41,15,44,60,70,0.1875,CLAY,C,V,0.39,0.352,0.349,0.213,VICTORIA,REDCLIFFS,Sunraysia,41
LRCH7,237,1.68,6,4.5,89.5,8,18,0.0025,LS,LS,N,0.149,0.093,0.089,0.052,SOUTH AUST,LOXTON IA,Riverland,60
LRCH8,238,1.45,40.5,7.5,52,26,36,0.0175,CLAY,C,N,0.358,0.317,0.307,0.255,SOUTH AUST,LOXTON IA,Riverland,51
LRCH9,239,1.56,7.5,4,88.5,8,18,0.005,LS,LS,N,0.172,0.107,0.105,0.048,SOUTH AUST,LOXTON IA,Riverland,67
LRCH10,240,1.54,26.5,5.5,68,27,37,0.0075,SCL,CL,N,0.25,0.209,0.208,0.137,SOUTH AUST,LOXTON IA,Riverland,42
LRCH11,241,1.46,9.5,4,86.5,10,20,0.0075,SL,LS,N,0.164,0.114,0.112,0.056,SOUTH AUST,LOXTON IA,Riverland,52
LRCH12,242,1.58,27,5,68,25,35,0.015,SCL,CL,N,0.269,0.23,0.223,0.15,SOUTH AUST,LOXTON IA,Riverland,46
LRCH13,243,1.48,25,5,70,8,18,0.0125,SCL,SCL,N,0.245,0.192,0.186,0.118,SOUTH AUST,LOXTON IA,Riverland,59
LRCH14,244,1.39,42,8.5,49.5,27,37,0.065,CLAY,C,H,0.36,0.297,0.293,0.212,SOUTH AUST,LOXTON IA,Riverland,67
LRC15,245,1.63,8,3.5,88.5,8,18,0.005,LS,SL,N,0.181,0.117,0.114,0.068,SOUTH AUST,LOXTON IA,Riverland,67
LRCH16,246,1.59,25.5,4.5,70,28,38,0.0075,SCL,SCL,N,0.261,0.214,0.21,0.156,SOUTH AUST,LOXTON IA,Riverland,51
LRCH17,247,1.57,8.5,4,87.5,8,18,0.0025,LS,SL,N,0.176,0.115,0.111,0.055,SOUTH AUST,LOXTON IA,Riverland,65
LRCH18,248,1.49,31,6,63,28,38,0.0125,CLAY,C,N,0.309,0.257,0.25,0.173,SOUTH AUST,LOXTON IA,Riverland,59
LRCH19,249,1.77,19,6.5,74.5,11,20,0.0075,SL,LSCL,N,0.209,0.169,0.167,0.105,SOUTH AUST,LOXTON IA,Riverland,42
LRCH20,250,1.49,37,6.5,56.5,25,35,0.025,CLAY,C,N,0.339,0.291,0.282,0.204,SOUTH AUST,LOXTON IA,Riverland,57
LRCH21,251,1.61,8,3.5,88.5,10,20,0.005,SAND,SL,N,0.158,0.103,0.101,0.052,SOUTH AUST,LOXTON IA,Riverland,57
LRCH22,252,1.53,30,10.5,59.5,28,38,0,CL,CL,N,0.306,0.265,0.26,0.186,SOUTH AUST,LOXTON IA,Riverland,46
LRCH23,253,1.66,7,6,87,8,18,0.005,LS,LS,N,0.157,0.099,0.097,0.062,SOUTH AUST,LOXTON IA,Riverland,60
LRCH24,254,1.55,26.5,7.5,66,30,40,0.015,SCL,CL,S,0.278,0.228,0.22,0.169,SOUTH AUST,LOXTON IA,Riverland,58
TQ11,255,1.55,3.5,0.5,96,10,20,0.0075,SAND,S,S,0.111,0.067,0.065,0.034,SOUTH AUST,LOXTON IA,Riverland,46
TQ12,256,1.57,3.5,0.5,96,40,50,0.0125,SAND,S,M,0.122,0.062,0.058,0.035,SOUTH AUST,LOXTON IA,Riverland,64
TQ13,257,1.57,3.5,1,95.5,90,100,0.0125,SAND,S,M,0.104,0.05,0.047,0.037,SOUTH AUST,LOXTON IA,Riverland,57
TQ21,258,1.58,3,0.5,96.5,10,20,0.0025,SAND,S,N,0.1,0.069,0.068,0.034,SOUTH AUST,LOXTON IA,Riverland,32
TQ22,259,1.58,2,0.5,97.5,40,50,0.0025,SAND,S,N,0.087,0.049,0.048,0.029,SOUTH AUST,LOXTON IA,Riverland,39
TQ23,260,1.58,2.5,0.5,97,90,100,0.0075,SAND,S,S,0.093,0.042,0.04,0.031,SOUTH AUST,LOXTON IA,Riverland,53
DP11,261,1.66,6.5,2.5,91,10,20,0.01,SAND,LS,N,0.139,0.095,0.094,0.051,SOUTH AUST,LOXTON IA,Riverland,45
DP12,262,1.65,10.5,1,88.5,45,55,0.015,SL,SL,S,0.158,0.102,0.098,0.063,SOUTH AUST,LOXTON IA,Riverland,60
DP13,263,1.65,17,3,80,85,90,0.04,SL,LSCL,H,0.209,0.147,0.144,0.101,SOUTH AUST,LOXTON IA,Riverland,65
DP21,264,1.59,9,3.5,87.5,10,20,0.02,SL,SL,S,0.175,0.112,0.11,0.068,SOUTH AUST,LOXTON IA,Riverland,65
DP22,265,1.58,16,5,79,40,50,0.0825,SL,SCL,H,0.246,0.177,0.171,0.101,SOUTH AUST,LOXTON IA,Riverland,75
DP23,266,1.59,15,7,78,80,90,0.13,SL,LSCL,V,0.259,0.189,0.18,0.112,SOUTH AUST,LOXTON IA,Riverland,79
TQ3611,267,1.67,6,2,92,10,20,0.005,SAND,LS,N,0.134,0.077,0.075,0.039,SOUTH AUST,LOXTON IA,Riverland,59
TQ3612,268,1.67,8,3,89,35,45,0.0075,SAND,SL,N,0.143,0.094,0.093,0.065,SOUTH AUST,LOXTON IA,Riverland,50
TQ3613,269,1.71,12,1.5,86.5,55,65,0.015,SL,SL,H,0.174,0.118,0.116,0.078,SOUTH AUST,LOXTON IA,Riverland,58
TQ3614,270,1.6,21.5,9,69.5,85,95,0.1875,SCL,SCL,V,0.297,0.244,0.232,0.162,SOUTH AUST,LOXTON IA,Riverland,65
TQ3621,271,1.63,7,2,91,15,25,0.0225,SAND,SL,S,0.163,0.097,0.095,0.053,SOUTH AUST,LOXTON IA,Riverland,68
TQ3622,272,1.71,12,1.5,86.5,60,70,0.025,SL,SL,M,0.167,0.11,0.108,0.076,SOUTH AUST,LOXTON IA,Riverland,59
TQ3623,273,1.66,22.5,6.5,71,90,100,0.0575,SCL,SCL,H,0.263,0.201,0.195,0.13,SOUTH AUST,LOXTON IA,Riverland,68
GHS50,274,1.59,2.5,0.5,97,0,10,0,SAND,S,N,0.059,0.037,0.036,0.022,SOUTH AUST,WAIKERIE,Riverland,23
GHS550,275,1.67,3,0.5,96.5,50,60,0.005,SAND,S,N,0.097,0.061,0.06,0.029,SOUTH AUST,WAIKERIE,Riverland,37
GHS585,276,1.58,5.5,1.5,93,85,95,0.035,SAND,LS,M,0.143,0.088,0.086,0.036,SOUTH AUST,WAIKERIE,Riverland,57
GHS60,277,1.62,3,1.5,95.5,0,10,0.0025,SAND,S,N,0.076,0.051,0.05,0.022,SOUTH AUST,WAIKERIE,Riverland,26
GHS650,278,1.57,7,1.5,91.5,50,60,0,SAND,LS,N,0.084,0.055,0.054,0.039,SOUTH AUST,WAIKERIE,Riverland,30
GHS685,279,1.75,7,1.5,91.5,85,95,0.015,SAND,LS,S,0.117,0.068,0.064,0.04,SOUTH AUST,WAIKERIE,Riverland,53
GHS200,280,1.68,5,1.5,93.5,0,10,0.005,SAND,LS,N,0.119,0.076,0.074,0.038,SOUTH AUST,WAIKERIE,Riverland,45
GHS2050,281,1.69,7,2.5,90.5,50,60,0.02,SAND,LS,M,0.133,0.082,0.08,0.045,SOUTH AUST,WAIKERIE,Riverland,53
GHS2085,282,1.75,5.5,2,92.5,85,95,0.01,SAND,LS,S,0.113,0.067,0.065,0.04,SOUTH AUST,WAIKERIE,Riverland,48
GHS190,283,1.65,4,1.5,94.5,0,10,0,SAND,S,N,0.103,0.067,0.066,0.029,SOUTH AUST,WAIKERIE,Riverland,37
GHS1950,284,1.54,4,1.5,94.5,50,60,0.01,SAND,S,N,0.083,0.053,0.052,0.032,SOUTH AUST,WAIKERIE,Riverland,31
GHS1985,285,1.63,5.5,1,93.5,85,95,0.0225,SAND,LS,H,0.113,0.068,0.067,0.036,SOUTH AUST,WAIKERIE,Riverland,46
GHS260,286,1.71,3.5,2.5,94,0,10,0.0025,SAND,S,N,0.099,0.05,0.049,0.03,SOUTH AUST,WAIKERIE,Riverland,50
GHS2650,287,1.69,7,3.5,89.5,50,60,0.025,SAND,LS,H,0.143,0.082,0.08,0.049,SOUTH AUST,WAIKERIE,Riverland,63
GHS2685,288,1.74,6.5,3.5,90,85,95,0.0275,SAND,LS,M,0.139,0.074,0.073,0.046,SOUTH AUST,WAIKERIE,Riverland,66
GHS250,289,1.68,3.5,1.5,95,0,10,0.0025,SAND,S,N,0.085,0.052,0.051,0.027,SOUTH AUST,WAIKERIE,Riverland,34
GHS2550,290,1.68,6.5,12.5,81,50,60,0.005,LS,LS,S,0.12,0.081,0.081,0.05,SOUTH AUST,WAIKERIE,Riverland,39
GHS2585,291,1.73,8,3,89,85,95,0.0275,SAND,LS,M,0.145,0.086,0.084,0.052,SOUTH AUST,WAIKERIE,Riverland,61
GHS270,292,1.61,4.5,3.5,92,0,10,0,SAND,S,N,0.103,0.064,0.063,0.038,SOUTH AUST,WAIKERIE,Riverland,40
GHS2750,293,1.72,5.5,5,89.5,50,60,0.0175,LS,LS,M,0.137,0.074,0.071,0.049,SOUTH AUST,WAIKERIE,Riverland,66
GHS2785,294,1.71,10.5,1,88.5,85,95,0.0425,SL,LS,H,0.146,0.082,0.077,0.051,SOUTH AUST,WAIKERIE,Riverland,69
GHS280,295,1.63,5.5,2,92.5,0,10,0.005,SAND,LS,N,0.096,0.063,0.062,0.035,SOUTH AUST,WAIKERIE,Riverland,34
GHS2850,296,1.66,7.5,2.5,90,50,60,0.015,SAND,LS,S,0.112,0.062,0.06,0.04,SOUTH AUST,WAIKERIE,Riverland,52
GHS2885,297,1.63,7.5,2.5,90,85,95,0.0225,SAND,SL,H,0.134,0.066,0.063,0.046,SOUTH AUST,WAIKERIE,Riverland,71
GHS90,298,1.62,2.5,1,96.5,0,10,0.0025,SAND,S,N,0.089,0.06,0.059,0.034,SOUTH AUST,WAIKERIE,Riverland,30
GHS950,299,1.59,6.5,2.5,91,50,60,0.0425,SAND,LS,M,0.14,0.078,0.074,0.052,SOUTH AUST,WAIKERIE,Riverland,66
GHS985,300,1.49,7,9,84,85,95,0.195,LS,SL,V,0.239,0.145,0.14,0.083,SOUTH AUST,WAIKERIE,Riverland,99
GHS100,301,1.58,3,1.5,95.5,0,10,0.0275,SAND,S,N,0.096,0.07,0.068,0.029,SOUTH AUST,WAIKERIE,Riverland,28
GHS1050,302,1.6,5,3,92,50,60,0,SAND,LS,M,0.12,0.073,0.066,0.042,SOUTH AUST,WAIKERIE,Riverland,54
GHS1085,303,1.66,5.5,2,92.5,85,95,0.025,SAND,LS,H,0.125,0.07,0.065,0.043,SOUTH AUST,WAIKERIE,Riverland,60
DJS110,304,1.58,2.5,2,95.5,10,20,0.005,SAND,LS,N,0.102,0.06,0.06,0.028,SOUTH AUST,GORDON,Riverland,42
DJS135,305,1.63,4.5,3.5,92,35,45,0.0025,SAND,LS,N,0.131,0.069,0.063,0.04,SOUTH AUST,GORDON,Riverland,68
DJS165,306,1.56,6.5,2,91.5,65,75,0.0325,SAND,LS,M,0.154,0.082,0.074,0.052,SOUTH AUST,GORDON,Riverland,80
DJS210,307,1.67,5.5,6,88.5,10,20,0.0075,LS,SL,N,0.153,0.095,0.091,0.051,SOUTH AUST,GORDON,Riverland,62
DJS240,308,1.45,35,11,54,40,50,0.0125,CLAY,C,N,0.344,0.294,0.281,0.212,SOUTH AUST,GORDON,Riverland,63
DJS270,309,1.65,32,9.5,58.5,70,80,0.0825,CL,CL,M,0.336,0.282,0.269,0.193,SOUTH AUST,GORDON,Riverland,67
CAWS110,310,1.66,7,3,90,10,20,0.0025,SAND,LS,N,0.128,0.09,0.087,0.055,SOUTH AUST,BERRI IA,Riverland,41
CAWS145,311,1.65,9.5,3,87.5,45,55,0.0025,SAND,SL,N,0.157,0.107,0.106,0.071,SOUTH AUST,BERRI IA,Riverland,51
CAWS180,312,1.63,13.5,2.5,84,80,90,0.0225,SL,SL,M,0.215,0.138,0.126,0.088,SOUTH AUST,BERRI IA,Riverland,89
CAWS210,313,1.56,7,1,92,10,20,0.0125,SAND,SL,S,0.129,0.086,0.083,0.052,SOUTH AUST,BERRI IA,Riverland,46
CAWS235,314,1.66,5,2,93,35,45,0.0025,SAND,LS,N,0.13,0.071,0.063,0.044,SOUTH AUST,BERRI IA,Riverland,67
CAWS275,315,1.61,7,2.5,90.5,75,85,0.0025,SAND,LS,N,0.152,0.083,0.078,0.053,SOUTH AUST,BERRI IA,Riverland,74
SPANS110,316,1.56,22.5,8.5,69,10,20,0.015,SCL,SCL,N,0.278,0.22,0.213,0.135,SOUTH AUST,BERRI IA,Riverland,65
SPANS135,317,1.54,32,12.5,55.5,35,45,0.08,CL,C,M,0.35,0.306,0.298,0.198,SOUTH AUST,BERRI IA,Riverland,52
SPANS175,318,1.69,20,10,70,75,85,0.0125,LOAM,SCL,N,0.258,0.191,0.181,0.114,SOUTH AUST,BERRI IA,Riverland,77
SPANS210,319,1.5,20,5,75,10,20,0.0075,SCL,CL,N,0.286,0.208,0.2,0.122,SOUTH AUST,BERRI IA,Riverland,86
SPANS225,320,1.41,38,6.5,55.5,25,35,0.0525,CLAY,C,H,0.402,0.349,0.337,0.215,SOUTH AUST,BERRI IA,Riverland,65
SPANS275,321,1.51,41,12.5,46.5,75,85,0.0725,CLAY,C,M,0.381,0.346,0.335,0.232,SOUTH AUST,BERRI IA,Riverland,46
LRCS1C01,322,1.56,6,2.5,91.5,0,10,0.0075,SAND,SL,N,0.198,0.13,0.123,0.059,SOUTH AUST,LOXTON IA,Riverland,75
LRCS1C02,323,1.52,13.5,5,81.5,30,40,0.055,SL,LSCL,H,0.236,0.162,0.152,0.088,SOUTH AUST,LOXTON IA,Riverland,84
LRCS1C03,324,1.47,24,8,68,80,90,0.2125,SCL,SCL,H,0.274,0.194,0.182,0.118,SOUTH AUST,LOXTON IA,Riverland,92
LRCS1C04,325,1.57,9.5,3,87.5,0,10,0.0475,SAND,LSCL,M,0.205,0.143,0.133,0.077,SOUTH AUST,LOXTON IA,Riverland,72
LRCS1C05,326,1.47,12.5,8.5,79,30,40,0.16,SL,LSCL,V,0.258,0.168,0.157,0.096,SOUTH AUST,LOXTON IA,Riverland,101
LRCS1C06,327,1.53,21,9,70,80,90,0.3225,SCL,LSCL,V,0.28,0.186,0.173,0.108,SOUTH AUST,LOXTON IA,Riverland,107
LRCS21,356,1.73,11.5,3,85.5,5,15,0.005,SL,SL,N,0.204,0.159,0.146,0.083,SOUTH AUST,LOXTON IA,Riverland,58
LRCS22,357,1.64,12,3.5,84.5,25,35,0.025,SL,SL,S,0.211,0.151,0.14,0.083,SOUTH AUST,LOXTON IA,Riverland,71
LRCS23,358,1.52,22.5,5.5,72,45,55,0.0925,SCL,LSCL,N,0.289,0.238,0.216,0.134,SOUTH AUST,LOXTON IA,Riverland,73
LRCS24,359,1.48,25,7.5,67.5,65,75,0.1525,SCL,SCL,H,0.296,0.22,0.199,0.136,SOUTH AUST,LOXTON IA,Riverland,97
