No,BD,Clay,Silt,Sand,upper,lower,Carbonate,KPa8,KPa40,KPa60,KPa1500,raw2,Texture,Field_Texture,Field_CO3,State,Location,Region,Name
15,1.67,11,3.5,85,0,20,0.01,0.228,0.164,0.137,0.082,91,SL,SL,N,SOUTH AUST,BERRI IA,Riverland,SLT1
16,1.64,16.5,6,77,30,40,0.01,0.225,0.185,0.172,0.116,53,SL,LSCL,N,SOUTH AUST,BERRI IA,Riverland,LSCLT1
17,1.52,18,12,70,45,60,0.135,0.28,0.218,0.194,0.127,86,LOAM,LSCL,H,SOUTH AUST,BERRI IA,Riverland,SCLT1
18,1.6,15,10,75,70,90,0.125,0.253,0.185,0.156,0.105,97,SL,LSCL,H,SOUTH AUST,BERRI IA,Riverland,LSCL2T1
19,1.68,11,4,85,0,20,0.015,0.231,0.157,0.142,0.081,89,SL,SL,S,SOUTH AUST,BERRI IA,Riverland,SLT2
20,1.58,14,8,78,30,50,0.085,0.25,0.195,0.182,0.097,68,SL,SL,V,SOUTH AUST,BERRI IA,Riverland,LSCLT2
21,1.57,13.5,12,74,60,80,0.21,0.272,0.186,0.17,0.106,102,LOAM,LSCL,V,SOUTH AUST,BERRI IA,Riverland,LSCL2T2
22,1.59,7.5,3,89,0,20,0.02,0.191,0.115,0.101,0.055,90,SAND,SL,N,SOUTH AUST,LOVEDAY IA,Riverland,LSRD1
23,1.6,11,2.5,86,30,40,0.0075,0.154,0.121,0.118,0.073,36,SL,LSCL,N,SOUTH AUST,LOVEDAY IA,Riverland,LS2RD1
24,1.51,22,11.5,66,60,80,0.155,0.303,0.227,0.215,0.135,88,CL,SCL,V,SOUTH AUST,LOVEDAY IA,Riverland,SCLRD1
25,1.58,8,4.5,88,0,20,0.0025,0.187,0.099,0.085,0.053,102,LS,SL,N,SOUTH AUST,LOVEDAY IA,Riverland,LSRD2
26,1.61,14.5,3.5,82,20,40,0.02,0.19,0.148,0.144,0.095,46,SL,LSCL,N,SOUTH AUST,LOVEDAY IA,Riverland,SLRD2
27,1.54,17.5,9.5,73,60,80,0.105,0.265,0.195,0.186,0.119,79,SL,LSCL,V,SOUTH AUST,LOVEDAY IA,Riverland,LSCLRD2
28,1.53,18,14.5,67,0,20,0.02,0.227,0.173,0.168,0.112,59,LOAM,SCL,S,SOUTH AUST,BERRI IA,Riverland,SLP1
29,1.44,19.5,13.5,67,20,40,0.0275,0.272,0.206,0.201,0.127,71,LOAM,SCL,M,SOUTH AUST,BERRI IA,Riverland,LSCLP1
30,1.44,25.5,18,56,50,70,0.215,0.333,0.246,0.228,0.15,105,CL,LSCL,H,SOUTH AUST,BERRI IA,Riverland,SCLP1
31,1.64,13,9,78,0,20,0.025,0.212,0.162,0.159,0.094,53,SL,SL,M,SOUTH AUST,BERRI IA,Riverland,LLSCLP2
32,1.45,25.5,15.5,59,30,70,0.23,0.329,0.255,0.233,0.149,96,CL,SCL,V,SOUTH AUST,BERRI IA,Riverland,LSCLP2
33,1.68,29,14,57,70,90,0.2175,0.279,0.232,0.217,0.153,62,CL,CL,V,SOUTH AUST,BERRI IA,Riverland,SCLP2
34,1.54,5.5,1.5,93,10,20,0.01,0.15,0.102,0.096,0.047,54,SAND,SL,N,SOUTH AUST,LOVEDAY IA,Riverland,LLSGA1
35,1.75,9,1.5,89,50,60,0.0075,0.195,0.139,0.136,0.068,59,SL,SL,N,SOUTH AUST,LOVEDAY IA,Riverland,LSGA1
36,1.53,16.5,7.5,76,80,100,0.135,0.274,0.201,0.188,0.111,86,SL,LSCL,V,SOUTH AUST,LOVEDAY IA,Riverland,SLGA1
37,1.34,3,1.5,95,0,10,0.01,0.133,0.091,0.086,0.05,47,SAND,LS,N,SOUTH AUST,LOVEDAY IA,Riverland,SGA2
38,1.67,9.5,2.5,88,30,40,0.0025,0.186,0.142,0.137,0.068,49,SL,SL,N,SOUTH AUST,LOVEDAY IA,Riverland,LLSGA2
39,1.65,8.5,3,88,70,80,0.03,0.163,0.097,0.09,0.06,73,SAND,LS,H,SOUTH AUST,LOVEDAY IA,Riverland,LSGA2
40,1.65,13.5,5,81,80,100,0.06,0.227,0.155,0.15,0.089,77,SL,LSCL,V,SOUTH AUST,LOVEDAY IA,Riverland,LSLGA2
41,1.39,11.5,4.5,84,10,30,0.005,0.212,0.151,0.141,0.079,71,SL,SL,N,SOUTH AUST,LOVEDAY IA,Riverland,LSI1
42,1.61,21,5,74,40,60,0.0475,0.234,0.18,0.162,0.109,72,SCL,LSCL,H,SOUTH AUST,LOVEDAY IA,Riverland,LSCLI1
43,1.65,17,2,81,70,90,0.025,0.225,0.155,0.149,0.095,76,SL,LSCL,H,SOUTH AUST,LOVEDAY IA,Riverland,LSLI1
44,1.55,4,3,93,0,10,0.005,0.166,0.072,0.068,0.038,98,SAND,LS,N,SOUTH AUST,LOVEDAY IA,Riverland,LLSI2
45,1.66,10,2.5,88,10,30,0.0175,0.207,0.142,0.14,0.067,67,SL,SL,S,SOUTH AUST,LOVEDAY IA,Riverland,LSI2
46,1.65,22,6,72,40,60,0.075,0.276,0.216,0.203,0.134,73,SCL,LSCL,H,SOUTH AUST,LOVEDAY IA,Riverland,SLI2
47,1.68,18,3,79,80,90,0.025,0.234,0.169,0.16,0.105,74,SL,LSCL,M,SOUTH AUST,LOVEDAY IA,Riverland,LSLI2
48,1.51,15.5,7.5,77,0,10,0.075,0.184,0.129,0.128,0.087,56,SL,LSCL,V,SOUTH AUST,BERRI IA,Riverland,LSCLG1
49,1.45,24.5,9.5,66,10,30,0.145,0.247,0.197,0.182,0.124,65,CL,CL,V,SOUTH AUST,BERRI IA,Riverland,LSCL2G1
50,1.69,29,12,59,40,70,0.23,0.309,0.265,0.248,0.157,61,CL,CL,V,SOUTH AUST,BERRI IA,Riverland,SCLG1
51,1.73,28,8.5,63,80,90,0.13,0.315,0.285,0.274,0.164,41,CL,CL,V,SOUTH AUST,BERRI IA,Riverland,SCL2G1
52,1.25,17,6.5,76,0,10,0.0475,0.201,0.15,0.147,0.093,54,SL,LSCL,H,SOUTH AUST,BERRI IA,Riverland,SLG2
53,1.53,31,11,58,20,40,0.155,0.318,0.27,0.247,0.164,71,CL,SCL,V,SOUTH AUST,BERRI IA,Riverland,LSCLG2
54,1.58,29,14.5,56,40,60,0.2,0.304,0.25,0.229,0.16,75,CL,CL,V,SOUTH AUST,BERRI IA,Riverland,SCLG2
55,1.74,26.5,9.5,64,70,90,0.1725,0.3,0.266,0.252,0.157,48,CL,CL,V,SOUTH AUST,BERRI IA,Riverland,SCL2G2
56,1.68,8,4,88,0,20,0.017,0.188,0.123,0.122,0.065,66,LS,SL,S,SOUTH AUST,BERRI IA,Riverland,SLR1
57,1.51,13.5,12.5,74,55,65,0.1275,0.269,0.185,0.176,0.115,93,LOAM,LSCL,V,SOUTH AUST,BERRI IA,Riverland,LSCLR1
58,1.63,14,7,79,80,90,0.085,0.23,0.156,0.15,0.099,80,SL,SL,V,SOUTH AUST,BERRI IA,Riverland,LSCL2R1
59,1.58,13,7,80,10,20,0.0125,0.209,0.16,0.158,0.1,51,SL,SL,N,SOUTH AUST,BERRI IA,Riverland,SLR2
60,1.46,16.5,15.5,68,50,65,0.175,0.304,0.223,0.219,0.139,85,LOAM,LSCL,H,SOUTH AUST,BERRI IA,Riverland,LSCLR2
61,1.65,18,9,73,80,90,0.145,0.259,0.185,0.178,0.115,81,SL,LSCL,V,SOUTH AUST,BERRI IA,Riverland,LSCL2R2
62,1.56,15,2.5,82,0,15,0.02,0.188,0.133,0.132,0.091,56,SL,LSCL,S,SOUTH AUST,LOVEDAY IA,Riverland,SLS1
63,1.65,15.5,3.5,81,25,35,0.005,0.208,0.14,0.139,0.097,69,SL,LSCL,S,SOUTH AUST,LOVEDAY IA,Riverland,SL2S1
64,1.5,26,9,65,50,60,0.175,0.303,0.225,0.217,0.143,86,CL,SCL,H,SOUTH AUST,LOVEDAY IA,Riverland,LSCLS1
65,1.7,16,7.5,76,80,90,0.18,0.288,0.228,0.219,0.141,69,SL,CL,V,SOUTH AUST,LOVEDAY IA,Riverland,LSCL2S1
66,1.39,13.5,6,80,10,20,0.015,0.208,0.16,0.154,0.098,54,SL,SL,S,SOUTH AUST,LOVEDAY IA,Riverland,SLS2
67,1.63,29.5,8.5,62,45,60,0.165,0.29,0.24,0.228,0.164,62,CL,CL,V,SOUTH AUST,LOVEDAY IA,Riverland,LSCLS2
68,1.72,25.5,9.5,65,75,90,0.135,0.288,0.238,0.222,0.156,66,CL,CL,V,SOUTH AUST,LOVEDAY IA,Riverland,LSCL2S2
69,1.37,6,2,92,0,30,0.0025,0.119,0.082,0.082,0.055,37,SAND,LS,N,SOUTH AUST,NOOKAMKA I,Riverland,LSB1
70,1.64,10,1.5,88,30,40,0.0075,0.17,0.106,0.105,0.064,65,SL,LS,N,SOUTH AUST,NOOKAMKA I,Riverland,SLB1
71,1.63,20,9,71,40,70,0.115,0.277,0.215,0.208,0.147,69,SL,SCL,V,SOUTH AUST,NOOKAMKA I,Riverland,SCLB1
72,1.74,28,5,67,70,90,0.095,0.275,0.225,0.215,0.151,60,SCL,CL,V,SOUTH AUST,NOOKAMKA I,Riverland,SCL2B1
73,1.36,9,4.5,86,0,20,0.0075,0.156,0.113,0.112,0.076,44,SL,LS,N,SOUTH AUST,NOOKAMKA,Riverland,LSB2
74,1.65,9,4.5,86,20,40,0.01,0.178,0.125,0.119,0.079,59,SL,SL,S,SOUTH AUST,NOOKAMKA,Riverland,SLB2
75,1.62,23,13.5,63,40,70,0.1825,0.3,0.24,0.228,0.16,72,CL,C,V,SOUTH AUST,NOOKAMKA,Riverland,SCLB2
76,1.69,20,7.5,72,70,90,0.1275,0.278,0.222,0.215,0.144,63,SL,CL,V,SOUTH AUST,NOOKAMKA,Riverland,SCL2B2
77,1.54,8.5,2.5,89,0,10,0.015,0.178,0.109,0.103,0.067,75,SL,SL,S,SOUTH AUST,LOVEDAY I,Riverland,LLSA1
78,1.68,9.5,2,88,10,20,0.0125,0.185,0.128,0.12,0.075,65,SL,SL,S,SOUTH AUST,LOVEDAY I,Riverland,LSA1
79,1.65,15,5,80,20,30,0.0025,0.239,0.188,0.175,0.115,64,SL,LSCL,N,SOUTH AUST,LOVEDAY I,Riverland,SLA1
80,1.46,23,10,67,30,50,0.1,0.313,0.24,0.23,0.175,83,CL,SCL,V,SOUTH AUST,LOVEDAY I,Riverland,LSCLA1
81,1.67,21.5,7.5,71,50,90,0.135,0.3,0.235,0.22,0.144,80,SCL,SCL,V,SOUTH AUST,LOVEDAY I,Riverland,SCLA1
82,1.31,19,8.5,72,0,10,0.0375,0.259,0.202,0.198,0.126,61,SCL,SCL,M,SOUTH AUST,LOVEDAY I,Riverland,LLSCLA2
83,1.43,27.5,11.5,61,10,55,0.1975,0.358,0.288,0.28,0.171,78,CL,CL,V,SOUTH AUST,LOVEDAY I,Riverland,LSCLA2
84,1.6,26,12,62,55,70,0.21,0.301,0.242,0.23,0.138,71,CL,CL,V,SOUTH AUST,LOVEDAY I,Riverland,SCL2A2
85,1.69,24,10,66,70,80,0.19,0.283,0.223,0.208,0.126,75,CL,CL,V,SOUTH AUST,LOVEDAY I,Riverland,LSC2A2
86,1.68,24,10,66,80,90,0.2175,0.306,0.235,0.217,0.132,89,CL,CL,V,SOUTH AUST,LOVEDAY I,Riverland,SCL22A2
87,1.59,6.5,1.5,92,0,30,0.0075,0.17,0.113,0.112,0.061,58,SAND,LS,N,SOUTH AUST,NOOKAMKA,Riverland,LSD1
88,1.7,7,2.5,90,30,60,0.0125,0.166,0.112,0.111,0.063,55,SAND,SL,S,SOUTH AUST,NOOKAMKA,Riverland,LS2D1
89,1.71,17.5,6,76,60,80,0.135,0.258,0.195,0.19,0.128,68,SL,SCL,V,SOUTH AUST,NOOKAMKA,Riverland,LSCLD1
90,1.68,11,5,84,80,90,0.035,0.214,0.152,0.146,0.101,68,SL,SL,H,SOUTH AUST,NOOKAMKA,Riverland,SLD1
91,1.6,5,1,94,0,30,0.0075,0.168,0.11,0.109,0.054,59,SAND,SL,N,SOUTH AUST,NOOKAMKA,Riverland,LSD2
92,1.72,12,2,86,30,40,0.0325,0.228,0.18,0.178,0.107,50,SL,SCL,H,SOUTH AUST,NOOKAMKA,Riverland,SLD2
93,1.61,13,5,82,40,70,0.04,0.214,0.152,0.146,0.105,68,SL,LSCL,H,SOUTH AUST,NOOKAMKA,Riverland,LSCLD2
94,1.65,11.5,1.5,87,70,80,0.035,0.213,0.145,0.138,0.095,75,SL,SL,H,SOUTH AUST,NOOKAMKA,Riverland,SL2D2
95,1.68,10,4,86,80,90,0.0725,0.214,0.147,0.142,0.087,72,SL,LSCL,H,SOUTH AUST,NOOKAMKA,Riverland,LS2D2
96,1.34,6,3.5,90,0,10,0.0475,0.164,0.101,0.099,0.061,65,SAND,SL,S,SOUTH AUST,BERRI I A,Riverland,LSN1
97,1.58,7.5,6.5,86,10,20,0.0675,0.207,0.147,0.145,0.089,62,LS,LSCL,M,SOUTH AUST,BERRI I A,Riverland,SLN1
98,1.56,10,9.5,80,20,40,0.135,0.255,0.175,0.169,0.101,86,SL,LSCL,V,SOUTH AUST,BERRI I A,Riverland,LSCLN1
99,1.49,13.5,9,77,40,70,0.1725,0.232,0.163,0.159,0.111,73,SL,LSCL,V,SOUTH AUST,BERRI I A,Riverland,SCLN1
100,1.61,18.5,10,71,70,90,0.2575,0.256,0.185,0.179,0.122,77,SL,LSCL,V,SOUTH AUST,BERRI I A,Riverland,SCL2N1
101,1.52,8.5,5,86,10,30,0.015,0.163,0.111,0.108,0.081,55,LS,SL,S,SOUTH AUST,BERRI I A,Riverland,SLN2
102,1.47,11,13,76,30,70,0.305,0.291,0.216,0.206,0.124,85,LOAM,LSCL,H,SOUTH AUST,BERRI I A,Riverland,LSCLN2
103,1.57,17.5,10.5,72,70,90,0.245,0.302,0.217,0.205,0.13,97,SL,SCL,V,SOUTH AUST,BERRI IA,Riverland,SCLN2
104,1.56,17,8,75,0,20,0.0325,0.253,0.208,0.207,0.138,46,SL,SCL,M,SOUTH AUST,BERRI IA,Riverland,SLO1
105,1.55,23,15.5,61,20,50,0.17,0.319,0.25,0.24,0.161,79,CL,CL,H,SOUTH AUST,BERRI IA,Riverland,SCLO1
106,1.77,23,9,68,50,90,0.13,0.283,0.234,0.227,0.153,56,CL,CL,V,SOUTH AUST,BERRI IA,Riverland,SCL2O1
107,1.68,14,6,80,0,30,0.0075,0.206,0.155,0.15,0.101,56,SL,SL,N,SOUTH AUST,BERRI I A,Riverland,SLO2
108,1.57,23,6.5,70,30,50,0.0475,0.285,0.222,0.216,0.135,69,SCL,SCL,H,SOUTH AUST,BERRI IA,Riverland,SCL2O2
109,1.6,25,6.5,68,50,90,0.135,0.298,0.238,0.227,0.155,71,SCL,CL,V,SOUTH AUST,BERRI IA,Riverland,LSCLO2
110,1.55,15,6.5,78,0,20,0.04,0.226,0.173,0.171,0.11,55,SL,SCL,M,SOUTH AUST,BERRI IA,Riverland,SLEG1
111,1.6,14.5,10.5,75,20,30,0.0475,0.245,0.198,0.195,0.124,50,LOAM,SCL,H,SOUTH AUST,BERRI IA,Riverland,LLSCEG1
112,1.5,24.5,7,68,30,50,0.1225,0.288,0.236,0.231,0.135,57,SCL,CL,V,SOUTH AUST,BERRI IA,Riverland,LSCLEG1
113,1.65,26,16,58,50,90,0.225,0.296,0.241,0.223,0.147,73,CL,CL,V,SOUTH AUST,BERRI IA,Riverland,SCLEG1
114,1.65,15.5,7.5,77,0,20,0.0225,0.227,0.18,0.177,0.119,50,SL,SCL,S,SOUTH AUST,BERRI IA,Riverland,SLEG2
115,1.63,17.5,5,77,20,30,0.0275,0.271,0.213,0.21,0.137,61,SL,SCL,M,SOUTH AUST,BERRI IA,Riverland,LLSCEG2
116,1.45,22.5,12.5,65,30,60,0.175,0.319,0.246,0.237,0.15,82,CL,SCL,V,SOUTH AUST,BERRI IA,Riverland,LSCLEG2
117,1.65,26.5,9,64,60,90,0.1775,0.301,0.251,0.242,0.151,59,CL,CL,V,SOUTH AUST,BERRI IA,Riverland,SCLEG2
118,1.36,10.5,4,85,0,10,0.0275,0.223,0.175,0.167,0.091,56,SL,LSCL,S,SOUTH AUST,BERRI I A,Riverland,SLNO1
119,1.59,13,3,84,10,30,0.055,0.229,0.186,0.176,0.105,53,SL,LSCL,M,SOUTH AUST,BERRI I A,Riverland,SCLNO1
120,1.43,11,5.5,83,30,50,0.2325,0.264,0.213,0.207,0.132,57,SL,SL,V,SOUTH AUST,BERRI I A,Riverland,SL2NO1
121,1.57,20,6,74,50,90,0.175,0.28,0.204,0.188,0.129,92,SCL,CL,V,SOUTH AUST,BERRI IA,Riverland,SCL2NO1
122,1.49,2,2.5,95,0,20,0.005,0.109,0.078,0.074,0.04,35,SAND,LS,N,SOUTH AUST,BERRI IA,Riverland,LSNO2
123,1.44,5,4.5,90,20,60,0.0375,0.131,0.1,0.099,0.063,32,SAND,LS,S,SOUTH AUST,BERRI IA,Riverland,LS2NO2
124,1.53,9,13,78,60,90,0.2375,0.296,0.214,0.207,0.122,89,LS,LSCL,V,SOUTH AUST,BERRI IA,Riverland,LSCLNO2
125,1.5,9,13,78,0,10,0.055,0.256,0.199,0.191,0.111,65,LS,SCL,S,SOUTH AUST,BERRI IA,Riverland,SLMC1
126,1.52,17,6,77,10,30,0.0575,0.231,0.188,0.183,0.116,48,SL,CL,H,SOUTH AUST,BERRI IA,Riverland,LLSCMC1
127,1.6,17,12,71,30,60,0.3325,0.293,0.228,0.218,0.14,75,LOAM,SCL,V,SOUTH AUST,BERRI IA,Riverland,LSCLMC1
128,1.66,15,13,72,60,90,0.3325,0.28,0.216,0.207,0.135,73,LOAM,SCL,H,SOUTH AUST,BERRI IA,Riverland,LSCL2MC1
129,1.61,6,6.5,88,0,30,0.0125,0.187,0.134,0.132,0.071,55,LS,LSCL,S,SOUTH AUST,BERRI IA,Riverland,SLMC2
130,1.56,15,12,73,30,70,0.245,0.281,0.214,0.209,0.138,72,LOAM,CL,H,SOUTH AUST,BERRI IA,Riverland,LSCLMC2
131,1.62,21.5,13.5,65,70,80,0.3075,0.284,0.218,0.213,0.129,71,LOAM,CL,V,SOUTH AUST,BERRI IA,Riverland,SCLMC2
132,1.63,18,15,67,80,90,0.3775,0.284,0.217,0.195,0.115,89,LOAM,CL,V,SOUTH AUST,BERRI IA,Riverland,LSLMC2
135,1.33,33.5,15,51,45,55,0.175,0.358,0.29,0.279,0.194,79,CL,CL,V,SOUTH AUST,LOXTON IA,Riverland,SCLLRC
144,1.57,24.5,8.5,67,90,100,0.1075,0.281,0.228,0.219,0.145,62,CL,C,V,SOUTH AUST,LOXTON IA,Riverland,LRCF4
145,1.6,5,3,92,15,25,0.015,0.141,0.086,0.083,0.061,58,SAND,LS,S,SOUTH AUST,LOXTON IA,Riverland,LRCF5
146,1.59,16,5.5,78,40,50,0.01,0.236,0.185,0.179,0.122,57,SL,LSCL,N,SOUTH AUST,LOXTON IA,Riverland,LRCF6
147,1.45,28,9,63,55,65,0.0725,0.325,0.271,0.261,0.181,64,CL,C,H,SOUTH AUST,LOXTON IA,Riverland,LRCF7
148,1.64,23.5,8.5,68,90,95,0.1325,0.301,0.252,0.234,0.168,67,SCL,C,H,SOUTH AUST,LOXTON IA,Riverland,LRCF8
149,1.68,22,11,67,110,120,0.1925,0.296,0.248,0.23,0.161,66,CL,CL,V,SOUTH AUST,LOXTON IA,Riverland,LRCF9
150,1.47,33,11.5,55,70,80,0.1575,0.361,0.308,0.288,0.194,73,CL,CL,V,SOUTH AUST,LOXTON IA,Riverland,LRCF10
151,1.6,4.5,3.5,92,15,25,0.01,0.151,0.094,0.088,0.047,63,SAND,SL,N,SOUTH AUST,LOXTON IA,Riverland,LRCF11
152,1.58,16,5,79,30,40,0.02,0.249,0.194,0.186,0.116,63,SL,LSCL,S,SOUTH AUST,LOXTON IA,Riverland,LRCF12
153,1.53,21.5,7.5,71,40,50,0.0275,0.285,0.234,0.231,0.156,54,SCL,CL,N,SOUTH AUST,LOXTON IA,Riverland,LRCF13
154,1.53,33.5,12.5,54,60,70,0.205,0.352,0.307,0.296,0.193,56,CL,CL,V,SOUTH AUST,LOXTON IA,Riverland,LRCF14
155,1.58,32,13,55,70,80,0.2,0.34,0.302,0.282,0.19,58,CL,CL,V,SOUTH AUST,LOXTON IA,Riverland,LRCF15
156,1.64,30.5,11.5,58,90,100,0.1825,0.304,0.265,0.248,0.18,56,CL,CL,V,SOUTH AUST,LOXTON IA,Riverland,LRCF16
157,1.61,15,6,79,0,20,0.015,0.251,0.198,0.189,0.105,62,SL,LSCL,N,SOUTH AUST,LOXTON IA,Riverland,LRCF17
158,1.58,23,8,69,20,30,0.065,0.296,0.251,0.236,0.161,60,SCL,CL,N,SOUTH AUST,LOXTON IA,Riverland,LRCF18
159,1.46,31.5,13.5,55,30,50,0.1025,0.363,0.313,0.296,0.216,67,CL,C,V,SOUTH AUST,LOXTON IA,Riverland,LRCF19
160,1.51,33,13,54,50,60,0.225,0.368,0.314,0.295,0.187,73,CL,CL,V,SOUTH AUST,LOXTON IA,Riverland,LRCF20
161,1.64,32,12,56,60,90,0.1875,0.329,0.284,0.268,0.193,61,CL,C,H,SOUTH AUST,LOXTON IA,Riverland,LRCF21
162,1.71,31.5,10.5,58,90,150,0.1675,0.316,0.286,0.272,0.188,44,CL,C,V,SOUTH AUST,LOXTON IA,Riverland,LRCF22
163,1.64,22,4,74,0,25,0.0225,0.269,0.218,0.204,0.136,65,SCL,SCL,N,SOUTH AUST,LOXTON IA,Riverland,LRCF23
164,1.61,32,13,55,40,70,0.2275,0.332,0.286,0.265,0.184,67,CL,CL,V,SOUTH AUST,LOXTON IA,Riverland,LRCF24
165,1.67,29,12.5,58,70,90,0.195,0.31,0.278,0.272,0.181,38,CL,C,H,SOUTH AUST,LOXTON IA,Riverland,LRCF25
166,1.7,22.5,12,65,90,150,0.2,0.292,0.255,0.238,0.147,54,CL,CL,V,SOUTH AUST,LOXTON IA,Riverland,LRCF26
167,1.55,22.5,6.5,71,20,30,0.085,0.284,0.235,0.225,0.146,59,SCL,SCL,H,SOUTH AUST,LOXTON IA,Riverland,LRCF27
168,1.41,28,14,58,35,45,0.255,0.346,0.279,0.264,0.165,82,CL,CL,V,SOUTH AUST,LOXTON IA,Riverland,LRCF28
169,1.53,32.5,10.5,57,55,65,0.185,0.349,0.289,0.269,0.175,80,CL,C,V,SOUTH AUST,LOXTON IA,Riverland,LRCF29
170,1.69,29.5,8,63,95,105,0.1675,0.311,0.263,0.251,0.167,60,CL,C,H,SOUTH AUST,LOXTON IA,Riverland,LRCF30
171,1.8,25,8.5,66,125,135,0.1825,0.283,0.23,0.213,0.137,70,CL,SCL,V,SOUTH AUST,LOXTON IA,Riverland,LRCF31
172,1.57,19.5,5,75,20,30,0.01,0.243,0.187,0.184,0.118,59,SCL,SCL,N,SOUTH AUST,LOXTON IA,Riverland,LRCF32
173,1.44,32.5,13,54,35,45,0.0425,0.36,0.312,0.3,0.211,60,CL,C,S,SOUTH AUST,LOXTON IA,Riverland,LRCF33
174,1.58,33.5,10.5,56,60,70,0.1575,0.354,0.309,0.295,0.182,59,CL,C,H,SOUTH AUST,LOXTON IA,Riverland,LRCF34
175,1.68,26.5,10.5,63,80,90,0.1175,0.326,0.285,0.273,0.18,53,CL,CL,V,SOUTH AUST,LOXTON IA,Riverland,LRCF35
176,1.68,30.5,7.5,62,90,100,0.1325,0.32,0.289,0.281,0.183,39,CL,CL,V,SOUTH AUST,LOXTON IA,Riverland,LRCF36
177,1.66,24.5,7,68,110,120,0.2825,0.313,0.279,0.266,0.175,47,SCL,C,V,SOUTH AUST,LOXTON IA,Riverland,LRCF37
178,1.78,26.5,5,68,125,135,0.115,0.29,0.259,0.244,0.154,46,SCL,CL,V,SOUTH AUST,LOXTON IA,Riverland,LRCF38
179,1.43,14.5,5,80,20,30,0.05,0.25,0.182,0.169,0.102,81,SL,LSCL,H,SOUTH AUST,LOXTON IA,Riverland,LRCR91
180,1.42,22,14,64,50,60,0.265,0.344,0.239,0.224,0.135,120,LOAM,SCL,H,SOUTH AUST,LOXTON IA,Riverland,LRCR92
181,1.67,21,12,67,80,90,0.1875,0.304,0.233,0.219,0.139,85,LOAM,SCL,V,SOUTH AUST,LOXTON IA,Riverland,LRCR93
182,1.75,19.5,11.5,69,100,110,0.1625,0.281,0.216,0.203,0.122,78,LOAM,SCL,V,SOUTH AUST,LOXTON IA,Riverland,LRCR94
183,1.49,14.5,9.5,76,20,30,0.05,0.248,0.171,0.159,0.099,89,SL,LSCL,H,SOUTH AUST,LOXTON IA,Riverland,LRCR95
184,1.54,23,11.5,65,50,60,0.1775,0.306,0.223,0.207,0.127,99,CL,LSCL,V,SOUTH AUST,LOXTON IA,Riverland,LRCR96
185,1.67,22.5,11,66,80,90,0.3175,0.289,0.224,0.214,0.129,75,CL,SCL,V,SOUTH AUST,LOXTON IA,Riverland,LRCR97
186,1.75,22.5,10,67,100,110,0.1625,0.296,0.237,0.224,0.124,72,CL,SCL,V,SOUTH AUST,LOXTON IA,Riverland,LRCR98
187,1.55,15.5,9.5,75,20,30,0.0775,0.303,0.197,0.188,0.107,115,SL,SL,H,SOUTH AUST,LOXTON IA,Riverland,LRCR99
188,1.5,18,9.5,72,50,60,0.27,0.311,0.218,0.207,0.119,104,SL,LSCL,V,SOUTH AUST,LOXTON IA,Riverland,LRCR910
189,1.65,22.5,8.5,69,80,90,0.1675,0.295,0.222,0.211,0.131,84,CL,SCL,V,SOUTH AUST,LOXTON IA,Riverland,LRCR911
190,1.72,24,11.5,64,100,110,0.1825,0.295,0.226,0.212,0.12,83,CL,CL,V,SOUTH AUST,LOXTON IA,Riverland,LRCR912
191,1.5,18.5,8.5,73,20,30,0.0425,0.271,0.179,0.168,0.104,103,SL,LSCL,M,SOUTH AUST,LOXTON IA,Riverland,LRCR913
192,1.5,25.5,10,64,50,60,0.195,0.311,0.212,0.199,0.13,112,CL,SCL,V,SOUTH AUST,LOXTON IA,Riverland,LRCR914
193,1.65,25.5,9,65,80,90,0.1775,0.292,0.217,0.205,0.135,87,CL,CL,V,SOUTH AUST,LOXTON IA,Riverland,LRCR915
194,1.78,24,8,68,100,110,0.1675,0.271,0.208,0.194,0.127,77,SCL,SCL,V,SOUTH AUST,LOXTON IA,Riverland,LRCR916
195,1.44,8.5,5,86,20,30,0.035,0.164,0.131,0.128,0.065,36,LS,SL,H,VICTORIA,REDCLIFFS,Sunraysia,ILSC28
196,1.58,12,5,83,20,30,0.0575,0.204,0.158,0.153,0.088,51,SL,SCL,H,VICTORIA,REDCLIFFS,Sunraysia,ISLC50
197,1.44,14,7,79,40,50,0.1825,0.239,0.173,0.162,0.094,77,SL,LSCL,V,VICTORIA,REDCLIFFS,Sunraysia,ISLC55
198,1.57,16,6.5,77,40,50,0.1075,0.257,0.211,0.199,0.102,58,SL,LSCL,V,VICTORIA,REDCLIFFS,Sunraysia,ISLC69
199,1.53,15.5,7,77,60,70,0.1725,0.245,0.175,0.163,0.096,82,SL,SCL,V,VICTORIA,REDCLIFFS,Sunraysia,ISL64/23
200,1.64,16,5.5,78,80,90,0.23,0.221,0.158,0.148,0.088,73,SL,SCL,V,VICTORIA,REDCLIFFS,Sunraysia,ISL79/34
201,1.63,13,4,83,100,110,0.0525,0.199,0.138,0.134,0.086,65,SL,LSCL,V,VICTORIA,REDCLIFFS,Sunraysia,ISL65/1
202,1.72,13.5,4,82,120,130,0.0825,0.231,0.169,0.16,0.102,71,SL,LSCL,V,VICTORIA,REDCLIFFS,Sunraysia,ISL16639
203,1.65,17,9,74,140,150,0.1775,0.258,0.195,0.178,0.101,80,SL,CL,V,VICTORIA,REDCLIFFS,Sunraysia,ISL45/19
204,1.68,10,5,85,10,20,0.035,0.194,0.15,0.146,0.086,48,SL,LSCL,M,VICTORIA,REDCLIFFS,Sunraysia,ISL26114
205,1.65,11,4,85,10,20,0.02,0.193,0.131,0.124,0.073,69,SL,SL,S,VICTORIA,REDCLIFFS,Sunraysia,ISL18/38
206,1.59,12,5,83,20,30,0.0275,0.201,0.13,0.128,0.08,73,SL,SL,H,VICTORIA,REDCLIFFS,Sunraysia,ISL19/20
207,1.47,16.5,5.5,78,40,50,0.03,0.229,0.162,0.159,0.097,70,SL,SL,H,VICTORIA,REDCLIFFS,Sunraysia,ISL35/46
208,1.51,17,5,78,60,70,0.0925,0.24,0.167,0.164,0.098,76,SL,SL,V,VICTORIA,REDCLIFFS,Sunraysia,ISL77/66
209,1.55,15.5,5,79,80,90,0.1625,0.256,0.182,0.174,0.108,82,SL,LSCL,V,VICTORIA,REDCLIFFS,Sunraysia,ISL62/16
210,1.56,17,4.5,78,100,110,0.1075,0.242,0.158,0.154,0.102,88,SL,LSCL,H,VICTORIA,REDCLIFFS,Sunraysia,ISL60/47
211,1.65,14,5,81,120,130,0.065,0.216,0.142,0.139,0.088,77,SL,SL,V,VICTORIA,REDCLIFFS,Sunraysia,ISL25/33
212,1.67,11.5,6.5,82,140,150,0.0875,0.198,0.118,0.116,0.074,82,SL,LSCL,V,VICTORIA,REDCLIFFS,Sunraysia,ISLC12
213,1.68,10,3.5,86,10,20,0.015,0.182,0.139,0.137,0.084,45,SL,SL,S,VICTORIA,REDCLIFFS,Sunraysia,ISLR52
214,1.66,12,4.5,83,10,20,0.0125,0.199,0.144,0.142,0.087,57,SL,SL,N,VICTORIA,REDCLIFFS,Sunraysia,ISLR43
215,1.6,12.5,6.5,81,20,30,0.0475,0.232,0.184,0.18,0.101,52,SL,LSCL,M,VICTORIA,REDCLIFFS,Sunraysia,ISLR74
216,1.69,12.5,4.5,83,20,30,0.005,0.21,0.155,0.151,0.094,59,SL,LSCL,N,VICTORIA,REDCLIFFS,Sunraysia,ISLR14
217,1.59,15.5,9.5,75,40,50,0.11,0.292,0.224,0.206,0.117,86,SL,SCL,V,VICTORIA,REDCLIFFS,Sunraysia,ISLR44
218,1.52,16,5.5,78,40,50,0.035,0.239,0.176,0.173,0.105,66,SL,SL,M,VICTORIA,REDCLIFFS,Sunraysia,ISLR59
219,1.58,22,9,69,60,70,0.1825,0.313,0.241,0.234,0.136,79,SCL,SCL,V,VICTORIA,REDCLIFFS,Sunraysia,ISCLR80
220,1.51,19,8.5,72,60,70,0.105,0.303,0.215,0.203,0.125,100,SL,LSCL,V,VICTORIA,REDCLIFFS,Sunraysia,ISLR30
221,1.63,24.5,10.5,65,80,90,0.2425,0.335,0.275,0.265,0.133,70,CL,CL,V,VICTORIA,REDCLIFFS,Sunraysia,ICLR73
222,1.52,22,9.5,68,80,90,0.1325,0.29,0.237,0.23,0.125,60,CL,CL,V,VICTORIA,REDCLIFFS,Sunraysia,ICLR3
223,1.72,22.5,12,65,100,110,0.2175,0.332,0.283,0.274,0.139,58,CL,C,V,VICTORIA,REDCLIFFS,Sunraysia,ICLR10
224,1.64,24,9.5,66,100,110,0.1925,0.303,0.248,0.24,0.127,63,CL,CL,V,VICTORIA,REDCLIFFS,Sunraysia,ICLR8
225,1.47,34.5,16.5,49,20,30,0.0625,0.373,0.345,0.339,0.219,34,CL,CL,M,VICTORIA,REDCLIFFS,Sunraysia,ICLCH48
226,1.36,42.5,16.5,41,20,30,0.1725,0.363,0.335,0.328,0.208,35,CLAY,C,V,VICTORIA,REDCLIFFS,Sunraysia,ICCH4
227,1.54,44.5,16.5,39,40,50,0.2075,0.388,0.35,0.342,0.227,46,CLAY,C,V,VICTORIA,REDCLIFFS,Sunraysia,ICCH2
228,1.48,43,16,41,40,50,0.1825,0.387,0.35,0.338,0.206,49,CLAY,C,V,VICTORIA,REDCLIFFS,Sunraysia,ICCH13
229,1.5,46.5,15.5,38,60,70,0.2225,0.384,0.358,0.351,0.229,33,CLAY,C,V,VICTORIA,REDCLIFFS,Sunraysia,ICCH9
230,1.56,41,15,44,60,70,0.1875,0.39,0.352,0.349,0.213,41,CLAY,C,V,VICTORIA,REDCLIFFS,Sunraysia,ICCH61
237,1.68,6,4.5,89.5,8,18,0.0025,0.149,0.093,0.089,0.052,60,LS,LS,N,SOUTH AUST,LOXTON IA,Riverland,LRCH7
238,1.45,40.5,7.5,52,26,36,0.0175,0.358,0.317,0.307,0.255,51,CLAY,C,N,SOUTH AUST,LOXTON IA,Riverland,LRCH8
239,1.56,7.5,4,88.5,8,18,0.005,0.172,0.107,0.105,0.048,67,LS,LS,N,SOUTH AUST,LOXTON IA,Riverland,LRCH9
240,1.54,26.5,5.5,68,27,37,0.0075,0.25,0.209,0.208,0.137,42,SCL,CL,N,SOUTH AUST,LOXTON IA,Riverland,LRCH10
241,1.46,9.5,4,86.5,10,20,0.0075,0.164,0.114,0.112,0.056,52,SL,LS,N,SOUTH AUST,LOXTON IA,Riverland,LRCH11
242,1.58,27,5,68,25,35,0.015,0.269,0.23,0.223,0.15,46,SCL,CL,N,SOUTH AUST,LOXTON IA,Riverland,LRCH12
243,1.48,25,5,70,8,18,0.0125,0.245,0.192,0.186,0.118,59,SCL,SCL,N,SOUTH AUST,LOXTON IA,Riverland,LRCH13
244,1.39,42,8.5,49.5,27,37,0.065,0.36,0.297,0.293,0.212,67,CLAY,C,H,SOUTH AUST,LOXTON IA,Riverland,LRCH14
245,1.63,8,3.5,88.5,8,18,0.005,0.181,0.117,0.114,0.068,67,LS,SL,N,SOUTH AUST,LOXTON IA,Riverland,LRC15
246,1.59,25.5,4.5,70,28,38,0.0075,0.261,0.214,0.21,0.156,51,SCL,SCL,N,SOUTH AUST,LOXTON IA,Riverland,LRCH16
247,1.57,8.5,4,87.5,8,18,0.0025,0.176,0.115,0.111,0.055,65,LS,SL,N,SOUTH AUST,LOXTON IA,Riverland,LRCH17
248,1.49,31,6,63,28,38,0.0125,0.309,0.257,0.25,0.173,59,CLAY,C,N,SOUTH AUST,LOXTON IA,Riverland,LRCH18
249,1.77,19,6.5,74.5,11,20,0.0075,0.209,0.169,0.167,0.105,42,SL,LSCL,N,SOUTH AUST,LOXTON IA,Riverland,LRCH19
250,1.49,37,6.5,56.5,25,35,0.025,0.339,0.291,0.282,0.204,57,CLAY,C,N,SOUTH AUST,LOXTON IA,Riverland,LRCH20
251,1.61,8,3.5,88.5,10,20,0.005,0.158,0.103,0.101,0.052,57,SAND,SL,N,SOUTH AUST,LOXTON IA,Riverland,LRCH21
252,1.53,30,10.5,59.5,28,38,0,0.306,0.265,0.26,0.186,46,CL,CL,N,SOUTH AUST,LOXTON IA,Riverland,LRCH22
253,1.66,7,6,87,8,18,0.005,0.157,0.099,0.097,0.062,60,LS,LS,N,SOUTH AUST,LOXTON IA,Riverland,LRCH23
254,1.55,26.5,7.5,66,30,40,0.015,0.278,0.228,0.22,0.169,58,SCL,CL,S,SOUTH AUST,LOXTON IA,Riverland,LRCH24
255,1.55,3.5,0.5,96,10,20,0.0075,0.111,0.067,0.065,0.034,46,SAND,S,S,SOUTH AUST,LOXTON IA,Riverland,TQ11
256,1.57,3.5,0.5,96,40,50,0.0125,0.122,0.062,0.058,0.035,64,SAND,S,M,SOUTH AUST,LOXTON IA,Riverland,TQ12
257,1.57,3.5,1,95.5,90,100,0.0125,0.104,0.05,0.047,0.037,57,SAND,S,M,SOUTH AUST,LOXTON IA,Riverland,TQ13
258,1.58,3,0.5,96.5,10,20,0.0025,0.1,0.069,0.068,0.034,32,SAND,S,N,SOUTH AUST,LOXTON IA,Riverland,TQ21
259,1.58,2,0.5,97.5,40,50,0.0025,0.087,0.049,0.048,0.029,39,SAND,S,N,SOUTH AUST,LOXTON IA,Riverland,TQ22
260,1.58,2.5,0.5,97,90,100,0.0075,0.093,0.042,0.04,0.031,53,SAND,S,S,SOUTH AUST,LOXTON IA,Riverland,TQ23
261,1.66,6.5,2.5,91,10,20,0.01,0.139,0.095,0.094,0.051,45,SAND,LS,N,SOUTH AUST,LOXTON IA,Riverland,DP11
262,1.65,10.5,1,88.5,45,55,0.015,0.158,0.102,0.098,0.063,60,SL,SL,S,SOUTH AUST,LOXTON IA,Riverland,DP12
263,1.65,17,3,80,85,90,0.04,0.209,0.147,0.144,0.101,65,SL,LSCL,H,SOUTH AUST,LOXTON IA,Riverland,DP13
264,1.59,9,3.5,87.5,10,20,0.02,0.175,0.112,0.11,0.068,65,SL,SL,S,SOUTH AUST,LOXTON IA,Riverland,DP21
265,1.58,16,5,79,40,50,0.0825,0.246,0.177,0.171,0.101,75,SL,SCL,H,SOUTH AUST,LOXTON IA,Riverland,DP22
266,1.59,15,7,78,80,90,0.13,0.259,0.189,0.18,0.112,79,SL,LSCL,V,SOUTH AUST,LOXTON IA,Riverland,DP23
267,1.67,6,2,92,10,20,0.005,0.134,0.077,0.075,0.039,59,SAND,LS,N,SOUTH AUST,LOXTON IA,Riverland,TQ3611
268,1.67,8,3,89,35,45,0.0075,0.143,0.094,0.093,0.065,50,SAND,SL,N,SOUTH AUST,LOXTON IA,Riverland,TQ3612
269,1.71,12,1.5,86.5,55,65,0.015,0.174,0.118,0.116,0.078,58,SL,SL,H,SOUTH AUST,LOXTON IA,Riverland,TQ3613
270,1.6,21.5,9,69.5,85,95,0.1875,0.297,0.244,0.232,0.162,65,SCL,SCL,V,SOUTH AUST,LOXTON IA,Riverland,TQ3614
271,1.63,7,2,91,15,25,0.0225,0.163,0.097,0.095,0.053,68,SAND,SL,S,SOUTH AUST,LOXTON IA,Riverland,TQ3621
272,1.71,12,1.5,86.5,60,70,0.025,0.167,0.11,0.108,0.076,59,SL,SL,M,SOUTH AUST,LOXTON IA,Riverland,TQ3622
273,1.66,22.5,6.5,71,90,100,0.0575,0.263,0.201,0.195,0.13,68,SCL,SCL,H,SOUTH AUST,LOXTON IA,Riverland,TQ3623
274,1.59,2.5,0.5,97,0,10,0,0.059,0.037,0.036,0.022,23,SAND,S,N,SOUTH AUST,WAIKERIE,Riverland,GHS50
275,1.67,3,0.5,96.5,50,60,0.005,0.097,0.061,0.06,0.029,37,SAND,S,N,SOUTH AUST,WAIKERIE,Riverland,GHS550
276,1.58,5.5,1.5,93,85,95,0.035,0.143,0.088,0.086,0.036,57,SAND,LS,M,SOUTH AUST,WAIKERIE,Riverland,GHS585
277,1.62,3,1.5,95.5,0,10,0.0025,0.076,0.051,0.05,0.022,26,SAND,S,N,SOUTH AUST,WAIKERIE,Riverland,GHS60
278,1.57,7,1.5,91.5,50,60,0,0.084,0.055,0.054,0.039,30,SAND,LS,N,SOUTH AUST,WAIKERIE,Riverland,GHS650
279,1.75,7,1.5,91.5,85,95,0.015,0.117,0.068,0.064,0.04,53,SAND,LS,S,SOUTH AUST,WAIKERIE,Riverland,GHS685
280,1.68,5,1.5,93.5,0,10,0.005,0.119,0.076,0.074,0.038,45,SAND,LS,N,SOUTH AUST,WAIKERIE,Riverland,GHS200
281,1.69,7,2.5,90.5,50,60,0.02,0.133,0.082,0.08,0.045,53,SAND,LS,M,SOUTH AUST,WAIKERIE,Riverland,GHS2050
282,1.75,5.5,2,92.5,85,95,0.01,0.113,0.067,0.065,0.04,48,SAND,LS,S,SOUTH AUST,WAIKERIE,Riverland,GHS2085
283,1.65,4,1.5,94.5,0,10,0,0.103,0.067,0.066,0.029,37,SAND,S,N,SOUTH AUST,WAIKERIE,Riverland,GHS190
284,1.54,4,1.5,94.5,50,60,0.01,0.083,0.053,0.052,0.032,31,SAND,S,N,SOUTH AUST,WAIKERIE,Riverland,GHS1950
285,1.63,5.5,1,93.5,85,95,0.0225,0.113,0.068,0.067,0.036,46,SAND,LS,H,SOUTH AUST,WAIKERIE,Riverland,GHS1985
286,1.71,3.5,2.5,94,0,10,0.0025,0.099,0.05,0.049,0.03,50,SAND,S,N,SOUTH AUST,WAIKERIE,Riverland,GHS260
287,1.69,7,3.5,89.5,50,60,0.025,0.143,0.082,0.08,0.049,63,SAND,LS,H,SOUTH AUST,WAIKERIE,Riverland,GHS2650
288,1.74,6.5,3.5,90,85,95,0.0275,0.139,0.074,0.073,0.046,66,SAND,LS,M,SOUTH AUST,WAIKERIE,Riverland,GHS2685
289,1.68,3.5,1.5,95,0,10,0.0025,0.085,0.052,0.051,0.027,34,SAND,S,N,SOUTH AUST,WAIKERIE,Riverland,GHS250
290,1.68,6.5,12.5,81,50,60,0.005,0.12,0.081,0.081,0.05,39,LS,LS,S,SOUTH AUST,WAIKERIE,Riverland,GHS2550
291,1.73,8,3,89,85,95,0.0275,0.145,0.086,0.084,0.052,61,SAND,LS,M,SOUTH AUST,WAIKERIE,Riverland,GHS2585
292,1.61,4.5,3.5,92,0,10,0,0.103,0.064,0.063,0.038,40,SAND,S,N,SOUTH AUST,WAIKERIE,Riverland,GHS270
293,1.72,5.5,5,89.5,50,60,0.0175,0.137,0.074,0.071,0.049,66,LS,LS,M,SOUTH AUST,WAIKERIE,Riverland,GHS2750
294,1.71,10.5,1,88.5,85,95,0.0425,0.146,0.082,0.077,0.051,69,SL,LS,H,SOUTH AUST,WAIKERIE,Riverland,GHS2785
295,1.63,5.5,2,92.5,0,10,0.005,0.096,0.063,0.062,0.035,34,SAND,LS,N,SOUTH AUST,WAIKERIE,Riverland,GHS280
296,1.66,7.5,2.5,90,50,60,0.015,0.112,0.062,0.06,0.04,52,SAND,LS,S,SOUTH AUST,WAIKERIE,Riverland,GHS2850
297,1.63,7.5,2.5,90,85,95,0.0225,0.134,0.066,0.063,0.046,71,SAND,SL,H,SOUTH AUST,WAIKERIE,Riverland,GHS2885
298,1.62,2.5,1,96.5,0,10,0.0025,0.089,0.06,0.059,0.034,30,SAND,S,N,SOUTH AUST,WAIKERIE,Riverland,GHS90
299,1.59,6.5,2.5,91,50,60,0.0425,0.14,0.078,0.074,0.052,66,SAND,LS,M,SOUTH AUST,WAIKERIE,Riverland,GHS950
300,1.49,7,9,84,85,95,0.195,0.239,0.145,0.14,0.083,99,LS,SL,V,SOUTH AUST,WAIKERIE,Riverland,GHS985
301,1.58,3,1.5,95.5,0,10,0.0275,0.096,0.07,0.068,0.029,28,SAND,S,N,SOUTH AUST,WAIKERIE,Riverland,GHS100
302,1.6,5,3,92,50,60,0,0.12,0.073,0.066,0.042,54,SAND,LS,M,SOUTH AUST,WAIKERIE,Riverland,GHS1050
303,1.66,5.5,2,92.5,85,95,0.025,0.125,0.07,0.065,0.043,60,SAND,LS,H,SOUTH AUST,WAIKERIE,Riverland,GHS1085
304,1.58,2.5,2,95.5,10,20,0.005,0.102,0.06,0.06,0.028,42,SAND,LS,N,SOUTH AUST,GORDON,Riverland,DJS110
305,1.63,4.5,3.5,92,35,45,0.0025,0.131,0.069,0.063,0.04,68,SAND,LS,N,SOUTH AUST,GORDON,Riverland,DJS135
306,1.56,6.5,2,91.5,65,75,0.0325,0.154,0.082,0.074,0.052,80,SAND,LS,M,SOUTH AUST,GORDON,Riverland,DJS165
307,1.67,5.5,6,88.5,10,20,0.0075,0.153,0.095,0.091,0.051,62,LS,SL,N,SOUTH AUST,GORDON,Riverland,DJS210
308,1.45,35,11,54,40,50,0.0125,0.344,0.294,0.281,0.212,63,CLAY,C,N,SOUTH AUST,GORDON,Riverland,DJS240
309,1.65,32,9.5,58.5,70,80,0.0825,0.336,0.282,0.269,0.193,67,CL,CL,M,SOUTH AUST,GORDON,Riverland,DJS270
310,1.66,7,3,90,10,20,0.0025,0.128,0.09,0.087,0.055,41,SAND,LS,N,SOUTH AUST,BERRI IA,Riverland,CAWS110
311,1.65,9.5,3,87.5,45,55,0.0025,0.157,0.107,0.106,0.071,51,SAND,SL,N,SOUTH AUST,BERRI IA,Riverland,CAWS145
312,1.63,13.5,2.5,84,80,90,0.0225,0.215,0.138,0.126,0.088,89,SL,SL,M,SOUTH AUST,BERRI IA,Riverland,CAWS180
313,1.56,7,1,92,10,20,0.0125,0.129,0.086,0.083,0.052,46,SAND,SL,S,SOUTH AUST,BERRI IA,Riverland,CAWS210
314,1.66,5,2,93,35,45,0.0025,0.13,0.071,0.063,0.044,67,SAND,LS,N,SOUTH AUST,BERRI IA,Riverland,CAWS235
315,1.61,7,2.5,90.5,75,85,0.0025,0.152,0.083,0.078,0.053,74,SAND,LS,N,SOUTH AUST,BERRI IA,Riverland,CAWS275
316,1.56,22.5,8.5,69,10,20,0.015,0.278,0.22,0.213,0.135,65,SCL,SCL,N,SOUTH AUST,BERRI IA,Riverland,SPANS110
317,1.54,32,12.5,55.5,35,45,0.08,0.35,0.306,0.298,0.198,52,CL,C,M,SOUTH AUST,BERRI IA,Riverland,SPANS135
318,1.69,20,10,70,75,85,0.0125,0.258,0.191,0.181,0.114,77,LOAM,SCL,N,SOUTH AUST,BERRI IA,Riverland,SPANS175
319,1.5,20,5,75,10,20,0.0075,0.286,0.208,0.2,0.122,86,SCL,CL,N,SOUTH AUST,BERRI IA,Riverland,SPANS210
320,1.41,38,6.5,55.5,25,35,0.0525,0.402,0.349,0.337,0.215,65,CLAY,C,H,SOUTH AUST,BERRI IA,Riverland,SPANS225
321,1.51,41,12.5,46.5,75,85,0.0725,0.381,0.346,0.335,0.232,46,CLAY,C,M,SOUTH AUST,BERRI IA,Riverland,SPANS275
322,1.56,6,2.5,91.5,0,10,0.0075,0.198,0.13,0.123,0.059,75,SAND,SL,N,SOUTH AUST,LOXTON IA,Riverland,LRCS1C01
323,1.52,13.5,5,81.5,30,40,0.055,0.236,0.162,0.152,0.088,84,SL,LSCL,H,SOUTH AUST,LOXTON IA,Riverland,LRCS1C02
324,1.47,24,8,68,80,90,0.2125,0.274,0.194,0.182,0.118,92,SCL,SCL,H,SOUTH AUST,LOXTON IA,Riverland,LRCS1C03
325,1.57,9.5,3,87.5,0,10,0.0475,0.205,0.143,0.133,0.077,72,SAND,LSCL,M,SOUTH AUST,LOXTON IA,Riverland,LRCS1C04
326,1.47,12.5,8.5,79,30,40,0.16,0.258,0.168,0.157,0.096,101,SL,LSCL,V,SOUTH AUST,LOXTON IA,Riverland,LRCS1C05
327,1.53,21,9,70,80,90,0.3225,0.28,0.186,0.173,0.108,107,SCL,LSCL,V,SOUTH AUST,LOXTON IA,Riverland,LRCS1C06
356,1.73,11.5,3,85.5,5,15,0.005,0.204,0.159,0.146,0.083,58,SL,SL,N,SOUTH AUST,LOXTON IA,Riverland,LRCS21
357,1.64,12,3.5,84.5,25,35,0.025,0.211,0.151,0.14,0.083,71,SL,SL,S,SOUTH AUST,LOXTON IA,Riverland,LRCS22
358,1.52,22.5,5.5,72,45,55,0.0925,0.289,0.238,0.216,0.134,73,SCL,LSCL,N,SOUTH AUST,LOXTON IA,Riverland,LRCS23
359,1.48,25,7.5,67.5,65,75,0.1525,0.296,0.22,0.199,0.136,97,SCL,SCL,H,SOUTH AUST,LOXTON IA,Riverland,LRCS24
